-- phpMyAdmin SQL Dump
-- version 5.0.4
-- https://www.phpmyadmin.net/
--
-- Host: 127.0.0.1
-- Creato il: Gen 31, 2022 alle 16:39
-- Versione del server: 10.4.17-MariaDB
-- Versione PHP: 8.0.2

SET SQL_MODE = "NO_AUTO_VALUE_ON_ZERO";
START TRANSACTION;
SET time_zone = "+00:00";


/*!40101 SET @OLD_CHARACTER_SET_CLIENT=@@CHARACTER_SET_CLIENT */;
/*!40101 SET @OLD_CHARACTER_SET_RESULTS=@@CHARACTER_SET_RESULTS */;
/*!40101 SET @OLD_COLLATION_CONNECTION=@@COLLATION_CONNECTION */;
/*!40101 SET NAMES utf8mb4 */;

--
-- Database: `cassettiere`
--

-- --------------------------------------------------------

--
-- Struttura della tabella `aree`
--

CREATE TABLE `aree` (
  `COD_AREA` varchar(10) NOT NULL,
  `DESCRIZIONE` varchar(255) NOT NULL
) ENGINE=InnoDB DEFAULT CHARSET=utf8;

--
-- Dump dei dati per la tabella `aree`
--

INSERT INTO `aree` (`COD_AREA`, `DESCRIZIONE`) VALUES
('A7', 'Cortile oratorio'),
('E3', 'Edificio 3'),
('E4', 'Edificio 4'),
('M1', 'Capannone M1'),
('M2', 'Capannone M2'),
('M4', 'Magazzino 4');

-- --------------------------------------------------------

--
-- Struttura della tabella `contenitori_padre`
--

CREATE TABLE `contenitori_padre` (
  `COD_CONTENITORE` varchar(255) NOT NULL,
  `COD_AREA` varchar(255) NOT NULL,
  `DESCRIZIONE` varchar(255) NOT NULL,
  `ORDINE` int(11) NOT NULL
) ENGINE=InnoDB DEFAULT CHARSET=utf8;

--
-- Dump dei dati per la tabella `contenitori_padre`
--

INSERT INTO `contenitori_padre` (`COD_CONTENITORE`, `COD_AREA`, `DESCRIZIONE`, `ORDINE`) VALUES
('C00', 'E1', 'C00', 1),
('C01', 'E1', 'C01', 2),
('C02', 'E1', 'C02', 3);

-- --------------------------------------------------------

--
-- Struttura della tabella `elenco_badge`
--

CREATE TABLE `elenco_badge` (
  `RFID_CODE` varchar(25) NOT NULL,
  `USER` varchar(8) NOT NULL
) ENGINE=InnoDB DEFAULT CHARSET=utf8;

--
-- Dump dei dati per la tabella `elenco_badge`
--

INSERT INTO `elenco_badge` (`RFID_CODE`, `USER`) VALUES
('finsoft', 'finsoft');

-- --------------------------------------------------------

--
-- Struttura della tabella `operazioni`
--

CREATE TABLE `operazioni` (
  `COD_OPERAZIONE` varchar(15) NOT NULL,
  `DESCRIZIONE` varchar(255) NOT NULL
) ENGINE=InnoDB DEFAULT CHARSET=utf8;

--
-- Dump dei dati per la tabella `operazioni`
--

INSERT INTO `operazioni` (`COD_OPERAZIONE`, `DESCRIZIONE`) VALUES
('ESAURIMENTO', 'Segnalazione materiale in esaurimento'),
('RABBOCCO', 'Segnalazione rabbocco materiale');

-- --------------------------------------------------------

--
-- Struttura della tabella `storico_operazioni`
--

CREATE TABLE `storico_operazioni` (
  `ID_OPERAZIONE` int(11) NOT NULL,
  `COD_UTENTE` varchar(8) NOT NULL,
  `COD_OPERAZIONE` varchar(15) NOT NULL,
  `COD_ARTICOLO` varchar(25) NOT NULL,
  `COD_UBICAZIONE` varchar(255) NOT NULL,
  `COD_AREA` varchar(10) NOT NULL,
  `TIMESTAMP` timestamp NOT NULL DEFAULT current_timestamp() ON UPDATE current_timestamp()
) ENGINE=InnoDB DEFAULT CHARSET=utf8;

--
-- Dump dei dati per la tabella `storico_operazioni`
--

INSERT INTO `storico_operazioni` (`ID_OPERAZIONE`, `COD_UTENTE`, `COD_OPERAZIONE`, `COD_ARTICOLO`, `COD_UBICAZIONE`, `COD_AREA`, `TIMESTAMP`) VALUES
(1, '1111', 'ESAURIMENTO', 'AAAA', 'UBI-M1-001', 'M1', '2021-03-26 16:12:10');

-- --------------------------------------------------------

--
-- Struttura della tabella `ubicazioni`
--

CREATE TABLE `ubicazioni` (
  `COD_UBICAZIONE` varchar(255) NOT NULL,
  `COD_CONTENITORE` varchar(10) NOT NULL,
  `DESCRIZIONE` VARCHAR(256) NULL
) ENGINE=InnoDB DEFAULT CHARSET=utf8;

--
-- Dump dei dati per la tabella `ubicazioni`
--

INSERT INTO `ubicazioni` (`COD_UBICAZIONE`, `COD_CONTENITORE`, `DESCRIZIONE`) VALUES
('E1-1', 'C01', 'C01-1-F1'),
('E1-10', 'C01', 'C01-1-F2'),
('E1-101', 'C01', 'C01-4-F4'),
('E1-102', 'C01', 'C01-5-F1'),
('E1-104', 'C01', 'C01-5-F1'),
('E1-105', 'C01', 'C01-5-F1'),
('E1-106', 'C01', 'C01-5-F1'),
('E1-109', 'C01', 'C01-5-F2'),
('E1-11', 'C01', 'C01-1-F2'),
('E1-110', 'C01', 'C01-5-F2'),
('E1-111', 'C01', 'C01-5-F2'),
('E1-112', 'C01', 'C01-5-F2'),
('E1-113', 'C01', 'C01-5-F2'),
('E1-114', 'C01', 'C01-5-F2'),
('E1-115', 'C01', 'C01-5-F2'),
('E1-116', 'C01', 'C01-5-F3'),
('E1-117', 'C01', 'C01-5-F3'),
('E1-118', 'C01', 'C01-5-F3'),
('E1-119', 'C01', 'C01-5-F3'),
('E1-12', 'C01', 'C01-1-F2'),
('E1-120', 'C01', 'C01-5-F3'),
('E1-121', 'C01', 'C01-5-F3'),
('E1-122', 'C01', 'C01-5-F3'),
('E1-123', 'C01', 'C01-5-F3'),
('E1-126', 'C01', 'C01-5-F5'),
('E1-127', 'C01', 'C01-5-F5'),
('E1-128', 'C01', 'C01-5-F5'),
('E1-129', 'C01', 'C01-5-F5'),
('E1-13', 'C01', 'C01-1-F2'),
('E1-130', 'C01', 'C01-5-F5'),
('E1-131', 'C01', 'C01-5-F5'),
('E1-132', 'C01', 'C01-5-F5'),
('E1-134', 'C01', 'C01-5-F6'),
('E1-135', 'C01', 'C01-6-F1'),
('E1-136', 'C01', 'C01-6-F1'),
('E1-137', 'C01', 'C01-6-F1'),
('E1-138', 'C01', 'C01-6-F1'),
('E1-139', 'C01', 'C01-6-F1'),
('E1-14', 'C01', 'C01-2-F1'),
('E1-140', 'C01', 'C01-6-F1'),
('E1-141', 'C01', 'C01-6-F1'),
('E1-142', 'C01', 'C01-6-F1'),
('E1-143', 'C01', 'C01-6-F2'),
('E1-144', 'C01', 'C01-6-F2'),
('E1-145', 'C01', 'C01-6-F2'),
('E1-146', 'C01', 'C01-6-F2'),
('E1-147', 'C01', 'C01-6-F2'),
('E1-148', 'C01', 'C01-6-F2'),
('E1-149', 'C01', 'C01-6-F2'),
('E1-15', 'C01', 'C01-1-F3'),
('E1-153', 'C01', 'C01-6-F3'),
('E1-154', 'C01', 'C01-6-F3'),
('E1-155', 'C01', 'C01-6-F3'),
('E1-157', 'C01', 'C01-6-F3'),
('E1-158', 'C01', 'C01-6-F4'),
('E1-16', 'C01', 'C01-1-F3'),
('E1-160', 'C01', 'C01-6-F4'),
('E1-161', 'C01', 'C01-7-F1'),
('E1-162', 'C01', 'C01-7-F1'),
('E1-163', 'C01', 'C01-7-F1'),
('E1-164', 'C01', 'C01-7-F1'),
('E1-165', 'C01', 'C01-7-F1'),
('E1-166', 'C01', 'C01-7-F1'),
('E1-169', 'C01', 'C01-7-F2'),
('E1-17', 'C01', 'C01-1-F3'),
('E1-170', 'C01', 'C01-7-F2'),
('E1-171', 'C01', 'C01-7-F2'),
('E1-172', 'C01', 'C01-7-F2'),
('E1-173', 'C01', 'C01-7-F2'),
('E1-174', 'C01', 'C01-7-F3'),
('E1-175', 'C01', 'C01-7-F3'),
('E1-177', 'C01', 'C01-7-F3'),
('E1-178', 'C01', 'C01-7-F3'),
('E1-179', 'C01', 'C01-7-F3'),
('E1-18', 'C01', 'C01-1-F3'),
('E1-181', 'C01', 'C01-7-F4'),
('E1-182', 'C01', 'C01-7-F4'),
('E1-183', 'C01', 'C01-7-F4'),
('E1-184', 'C01', 'C01-7-F4'),
('E1-185', 'C01', 'C01-7-F4'),
('E1-186', 'C01', 'C01-7-F5'),
('E1-187', 'C01', 'C01-7-F6'),
('E1-188', 'C01', 'C01-7-F5'),
('E1-189', 'C01', 'C01-7-F5'),
('E1-190', 'C01', 'C01-7-F5'),
('E1-191', 'C01', 'C01-7-F5'),
('E1-192', 'C01', 'C01-7-F5'),
('E1-193', 'C01', 'C01-7-F5'),
('E1-194', 'C01', 'C01-7-F5'),
('E1-196', 'C01', 'C01-7-F6'),
('E1-197', 'C01', 'C01-7-F6'),
('E1-198', 'C01', 'C01-7-F6'),
('E1-2', 'C01', 'C01-1-F1'),
('E1-200', 'C01', 'C01-8-F1'),
('E1-201', 'C01', 'C01-8-F1'),
('E1-202', 'C01', 'C01-8-F1'),
('E1-203', 'C01', 'C01-8-F1'),
('E1-204', 'C01', 'C01-8-F1'),
('E1-205', 'C01', 'C01-8-F1'),
('E1-206', 'C01', 'C01-8-F1'),
('E1-207', 'C01', 'C01-8-F1'),
('E1-208', 'C01', 'C01-8-F1'),
('E1-209', 'C01', 'C01-8-F2'),
('E1-21', 'C01', 'C01-2-F1'),
('E1-210', 'C01', 'C01-8-F2'),
('E1-211', 'C01', 'C01-8-F2'),
('E1-212', 'C01', 'C01-8-F2'),
('E1-213', 'C01', 'C01-8-F2'),
('E1-214', 'C01', 'C01-8-F2'),
('E1-216', 'C01', 'C01-8-F3'),
('E1-217', 'C01', 'C01-8-F3'),
('E1-218', 'C01', 'C01-8-F3'),
('E1-219', 'C01', 'C01-8-F4'),
('E1-22', 'C01', 'C01-2-F1'),
('E1-220', 'C01', 'C01-8-F4'),
('E1-221', 'C01', 'C01-8-F4'),
('E1-222', 'C01', 'C01-8-F4'),
('E1-223', 'C01', 'C01-8-F4'),
('E1-224', 'C01', 'C01-8-F4'),
('E1-225', 'C01', 'C01-8-F5'),
('E1-227', 'C01', 'C01-8-F5'),
('E1-228', 'C01', 'C01-8-F5'),
('E1-229', 'C01', 'C01-8-F5'),
('E1-23', 'C01', 'C01-2-F1'),
('E1-230', 'C01', 'C01-8-F5'),
('E1-231', 'C01', 'C01-8-F5'),
('E1-232', 'C01', 'C01-6-F3'),
('E1-233', 'C01', 'C01-4-F3'),
('E1-234', 'C01', 'C01-9-F1'),
('E1-235', 'C01', 'C01-9-F1'),
('E1-236', 'C01', 'C01-9-F1'),
('E1-237', 'C01', 'C01-9-F1'),
('E1-238', 'C01', 'C01-9-F1'),
('E1-239', 'C01', 'C01-9-F1'),
('E1-24', 'C01', 'C01-2-F1'),
('E1-240', 'C01', 'C01-9-F1'),
('E1-241', 'C01', 'C01-9-F1'),
('E1-242', 'C01', 'C01-9-F1'),
('E1-243', 'C01', 'C01-9-F2'),
('E1-244', 'C01', 'C01-9-F2'),
('E1-245', 'C01', 'C01-9-F2'),
('E1-246', 'C01', 'C01-9-F2'),
('E1-247', 'C01', 'C01-9-F2'),
('E1-248', 'C01', 'C01-9-F2'),
('E1-249', 'C01', 'C01-9-F2'),
('E1-25', 'C01', 'C01-2-F1'),
('E1-250', 'C01', 'C01-9-F2'),
('E1-251', 'C01', 'C01-9-F2'),
('E1-252', 'C01', 'C01-9-F3'),
('E1-253', 'C01', 'C01-9-F3'),
('E1-254', 'C01', 'C01-9-F3'),
('E1-258', 'C01', 'C01-9-F4'),
('E1-259', 'C01', 'C01-9-F4'),
('E1-26', 'C01', 'C01-2-F1'),
('E1-260', 'C01', 'C01-9-F4'),
('E1-261', 'C01', 'C01-9-F4'),
('E1-262', 'C01', 'C01-9-F4'),
('E1-263', 'C01', 'C01-9-F4'),
('E1-264', 'C01', 'C01-9-F4'),
('E1-265', 'C01', 'C01-9-F5'),
('E1-266', 'C01', 'C01-9-F5'),
('E1-267', 'C01', 'C01-9-F5'),
('E1-269', 'C01', 'C01-9-F6'),
('E1-27', 'C01', 'C01-2-F2'),
('E1-270', 'C01', 'C01-9-F6'),
('E1-271', 'C01', 'C01-9-F5'),
('E1-272', 'C01', 'C01-9-F6'),
('E1-273', 'C01', 'C01-9-F6'),
('E1-274', 'C01', 'C01-9-F6'),
('E1-275', 'C01', 'C01-9-F6'),
('E1-276', 'C01', 'C01-9-F6'),
('E1-277', 'C01', 'C01-9-F6'),
('E1-278', 'C01', 'C01-10-F1'),
('E1-279', 'C01', 'C01-10-F1'),
('E1-28', 'C01', 'C01-2-F2'),
('E1-280', 'C01', 'C01-10-F1'),
('E1-281', 'C01', 'C01-10-F1'),
('E1-282', 'C01', 'C01-10-F1'),
('E1-283', 'C01', 'C01-10-F1'),
('E1-284', 'C01', 'C01-10-F1'),
('E1-285', 'C01', 'C01-10-F1'),
('E1-286', 'C01', 'C01-10-F2'),
('E1-287', 'C01', 'C01-10-F2'),
('E1-29', 'C01', 'C01-2-F2'),
('E1-290', 'C01', 'C01-10-F2'),
('E1-291', 'C01', 'C01-10-F2'),
('E1-292', 'C01', 'C01-10-F3'),
('E1-293', 'C01', 'C01-10-F3'),
('E1-294', 'C01', 'C01-10-F3'),
('E1-295', 'C01', 'C01-10-F3'),
('E1-296', 'C01', 'C01-10-F3'),
('E1-297', 'C01', 'C01-10-F3'),
('E1-298', 'C01', 'C01-10-F4'),
('E1-299', 'C01', 'C01-10-F4'),
('E1-3', 'C01', 'C01-1-F1'),
('E1-30', 'C01', 'C01-2-F2'),
('E1-300', 'C01', 'C01-10-F4'),
('E1-301', 'C01', 'C01-10-F4'),
('E1-303', 'C01', 'C01-10-F4'),
('E1-304', 'C01', 'C01-10-F4'),
('E1-306', 'C01', 'C01-10-F4'),
('E1-307', 'C01', 'C01-10-F5'),
('E1-308', 'C01', 'C01-10-F5'),
('E1-31', 'C01', 'C01-2-F2'),
('E1-312', 'C01', 'C01-10-F5'),
('E1-313', 'C01', 'C01-10-F5'),
('E1-314', 'C01', 'C01-10-F5'),
('E1-315', 'C01', 'C01-10-F6'),
('E1-316', 'C01', 'C01-10-F6'),
('E1-317', 'C01', 'C01-10-F6'),
('E1-318', 'C01', 'C01-10-F6'),
('E1-32', 'C01', 'C01-2-F2'),
('E1-323', 'C01', 'C01-10-F7'),
('E1-324', 'C01', 'C01-10-F7'),
('E1-326', 'C01', 'C01-10-F7'),
('E1-327', 'C01', 'C01-10-F7'),
('E1-328', 'C01', 'C01-10-F7'),
('E1-329', 'C01', 'C01-10-F7'),
('E1-33', 'C01', 'C01-2-F2'),
('E1-330', 'C01', 'C01-11-F1'),
('E1-331', 'C01', 'C01-11-F1'),
('E1-332', 'C01', 'C01-11-F1'),
('E1-333', 'C01', 'C01-11-F1'),
('E1-334', 'C01', 'C01-11-F1'),
('E1-335', 'C01', 'C01-11-F1'),
('E1-336', 'C01', 'C01-11-F1'),
('E1-339', 'C01', 'C01-11-F2'),
('E1-34', 'C01', 'C01-2-F2'),
('E1-341', 'C01', 'C01-11-F3'),
('E1-342', 'C01', 'C01-11-F3'),
('E1-343', 'C01', 'C01-11-F3'),
('E1-344', 'C01', 'C01-11-F3'),
('E1-345', 'C01', 'C01-11-F3'),
('E1-346', 'C01', 'C01-11-F3'),
('E1-347', 'C01', 'C01-11-F3'),
('E1-348', 'C01', 'C01-11-F4'),
('E1-35', 'C01', 'C01-2-F3'),
('E1-354', 'C01', 'C01-11-F5'),
('E1-355', 'C01', 'C01-11-F5'),
('E1-356', 'C01', 'C01-11-F5'),
('E1-357', 'C01', 'C01-11-F5'),
('E1-358', 'C01', 'C01-11-F5'),
('E1-359', 'C01', 'C01-11-F5'),
('E1-36', 'C01', 'C01-2-F3'),
('E1-361', 'C01', 'C01-11-F5'),
('E1-362', 'C01', 'C01-11-F6'),
('E1-363', 'C01', 'C01-11-F6'),
('E1-364', 'C01', 'C01-11-F6'),
('E1-365', 'C01', 'C01-11-F6'),
('E1-366', 'C01', 'C01-11-F6'),
('E1-367', 'C01', 'C01-11-F7'),
('E1-368', 'C01', 'C01-11-F7'),
('E1-369', 'C01', 'C01-11-F7'),
('E1-37', 'C01', 'C01-2-F3'),
('E1-370', 'C01', 'C01-11-F7'),
('E1-371', 'C01', 'C01-11-F7'),
('E1-373', 'C01', 'C01-11-F8'),
('E1-374', 'C01', 'C01-11-F8'),
('E1-375', 'C01', 'C01-11-F8'),
('E1-377', 'C01', 'C01-11-F8'),
('E1-378', 'C01', 'C01-11-F8'),
('E1-379', 'C01', 'C01-11-F8'),
('E1-38', 'C01', 'C01-2-F3'),
('E1-380', 'C01', 'C01-12-F1'),
('E1-381', 'C01', 'C01-12-F1'),
('E1-382', 'C01', 'C01-12-F1'),
('E1-383', 'C01', 'C01-12-F1'),
('E1-384', 'C01', 'C01-12-F1'),
('E1-385', 'C01', 'C01-12-F1'),
('E1-388', 'C01', 'C01-12-F2'),
('E1-389', 'C01', 'C01-12-F2'),
('E1-39', 'C01', 'C01-2-F4'),
('E1-390', 'C01', 'C01-12-F2'),
('E1-391', 'C01', 'C01-12-F2'),
('E1-392', 'C01', 'C01-12-F2'),
('E1-393', 'C01', 'C01-12-F2'),
('E1-394', 'C01', 'C01-12-F2'),
('E1-395', 'C01', 'C01-12-F2'),
('E1-396', 'C01', 'C01-12-F3'),
('E1-397', 'C01', 'C01-12-F3'),
('E1-398', 'C01', 'C01-12-F3'),
('E1-399', 'C01', 'C01-12-F3'),
('E1-4', 'C01', 'C01-1-F1'),
('E1-400', 'C01', 'C01-12-F3'),
('E1-401', 'C01', 'C01-12-F3'),
('E1-402', 'C01', 'C01-12-F3'),
('E1-403', 'C01', 'C01-12-F3'),
('E1-404', 'C01', 'C01-12-F4'),
('E1-405', 'C01', 'C01-12-F4'),
('E1-406', 'C01', 'C01-12-F4'),
('E1-407', 'C01', 'C01-12-F4'),
('E1-408', 'C01', 'C01-12-F4'),
('E1-409', 'C01', 'C01-12-F4'),
('E1-410', 'C01', 'C01-12-F4'),
('E1-411', 'C01', 'C01-12-F4'),
('E1-412', 'C01', 'C01-12-F5'),
('E1-413', 'C01', 'C01-12-F5'),
('E1-414', 'C01', 'C01-12-F5'),
('E1-415', 'C01', 'C01-12-F5'),
('E1-416', 'C01', 'C01-12-F5'),
('E1-417', 'C01', 'C01-12-F5'),
('E1-418', 'C01', 'C01-12-F5'),
('E1-419', 'C01', 'C01-12-F5'),
('E1-42', 'C01', 'C01-2-F4'),
('E1-420', 'C01', 'C01-12-F6'),
('E1-423', 'C01', 'C01-12-F6'),
('E1-424', 'C01', 'C01-12-F6'),
('E1-425', 'C01', 'C01-12-F6'),
('E1-426', 'C01', 'C01-12-F6'),
('E1-427', 'C01', 'C01-12-F6'),
('E1-428', 'C01', 'C01-12-F7'),
('E1-429', 'C01', 'C01-12-F7'),
('E1-43', 'C01', 'C01-2-F4'),
('E1-430', 'C01', 'C01-12-F7'),
('E1-431', 'C01', 'C01-12-F7'),
('E1-433', 'C01', 'C01-12-F7'),
('E1-435', 'C01', 'C01-12-F8'),
('E1-436', 'C01', 'C01-12-F8'),
('E1-437', 'C01', 'C01-12-F8'),
('E1-438', 'C01', 'C01-12-F8'),
('E1-439', 'C01', 'C01-12-F8'),
('E1-44', 'C01', 'C01-2-F4'),
('E1-440', 'C00', 'C00-1-F1'),
('E1-441', 'C00', 'C00-1-F1'),
('E1-442', 'C00', 'C00-1-F1'),
('E1-443', 'C00', 'C00-1-F1'),
('E1-444', 'C00', 'C00-1-F1'),
('E1-448', 'C00', 'C00-1-F2'),
('E1-449', 'C00', 'C00-1-F2'),
('E1-45', 'C01', 'C01-2-F4'),
('E1-450', 'C00', 'C00-1-F2'),
('E1-451', 'C00', 'C00-1-F2'),
('E1-452', 'C00', 'C00-1-F2'),
('E1-453', 'C00', 'C00-1-F3'),
('E1-454', 'C00', 'C00-1-F3'),
('E1-455', 'C00', 'C00-1-F3'),
('E1-456', 'C01', 'C01-12-F8'),
('E1-457', 'C00', 'C00-1-F3'),
('E1-458', 'C00', 'C00-1-F3'),
('E1-459', 'C00', 'C00-1-F3'),
('E1-46', 'C01', 'C01-3-F1'),
('E1-460', 'C00', 'C00-1-F3'),
('E1-461', 'C00', 'C00-1-F3'),
('E1-462', 'C00', 'C00-1-F4'),
('E1-463', 'C00', 'C00-1-F4'),
('E1-464', 'C00', 'C00-1-F4'),
('E1-465', 'C00', 'C00-1-F4'),
('E1-466', 'C00', 'C00-1-F4'),
('E1-467', 'C00', 'C00-1-F4'),
('E1-468', 'C00', 'C00-1-F4'),
('E1-469', 'C00', 'C00-2-F1'),
('E1-47', 'C01', 'C01-3-F1'),
('E1-470', 'C00', 'C00-2-F1'),
('E1-471', 'C00', 'C00-2-F1'),
('E1-472', 'C00', 'C00-2-F1'),
('E1-473', 'C00', 'C00-2-F1'),
('E1-474', 'C00', 'C00-2-F1'),
('E1-475', 'C00', 'C00-2-F2'),
('E1-476', 'C00', 'C00-2-F2'),
('E1-477', 'C00', 'C00-2-F2'),
('E1-478', 'C00', 'C00-2-F2'),
('E1-479', 'C00', 'C00-2-F2'),
('E1-48', 'C01', 'C01-3-F1'),
('E1-480', 'C00', 'C00-2-F2'),
('E1-481', 'C00', 'C00-2-F2'),
('E1-482', 'C00', 'C00-2-F2'),
('E1-483', 'C00', 'C00-2-F3'),
('E1-484', 'C00', 'C00-2-F3'),
('E1-485', 'C00', 'C00-2-F3'),
('E1-486', 'C00', 'C00-2-F3'),
('E1-487', 'C00', 'C00-2-F3'),
('E1-488', 'C00', 'C00-2-F3'),
('E1-489', 'C00', 'C00-2-F3'),
('E1-49', 'C01', 'C01-3-F1'),
('E1-490', 'C00', 'C00-2-F3'),
('E1-491', 'C00', 'C00-2-F3'),
('E1-492', 'C00', 'C00-2-F3'),
('E1-493', 'C00', 'C00-2-F4'),
('E1-494', 'C00', 'C00-2-F4'),
('E1-495', 'C00', 'C00-2-F4'),
('E1-496', 'C00', 'C00-2-F4'),
('E1-497', 'C00', 'C00-3-F1'),
('E1-498', 'C00', 'C00-3-F1'),
('E1-499', 'C00', 'C00-3-F1'),
('E1-5', 'C01', 'C01-1-F1'),
('E1-50', 'C01', 'C01-3-F1'),
('E1-500', 'C00', 'C00-3-F1'),
('E1-501', 'C00', 'C00-3-F1'),
('E1-502', 'C00', 'C00-3-F1'),
('E1-503', 'C00', 'C00-3-F1'),
('E1-504', 'C00', 'C00-3-F2'),
('E1-505', 'C00', 'C00-3-F2'),
('E1-506', 'C00', 'C00-3-F2'),
('E1-507', 'C00', 'C00-3-F2'),
('E1-508', 'C00', 'C00-3-F2'),
('E1-509', 'C00', 'C00-3-F2'),
('E1-51', 'C01', 'C01-3-F1'),
('E1-510', 'C00', 'C00-3-F2'),
('E1-511', 'C00', 'C00-3-F2'),
('E1-512', 'C00', 'C00-3-F3'),
('E1-513', 'C00', 'C00-3-F3'),
('E1-514', 'C00', 'C00-3-F3'),
('E1-515', 'C00', 'C00-3-F3'),
('E1-516', 'C00', 'C00-3-F3'),
('E1-517', 'C00', 'C00-3-F4'),
('E1-518', 'C00', 'C00-3-F4'),
('E1-519', 'C00', 'C00-3-F4'),
('E1-52', 'C01', 'C01-3-F1'),
('E1-520', 'C00', 'C00-3-F4'),
('E1-521', 'C00', 'C00-3-F4'),
('E1-522', 'C00', 'C00-3-F4'),
('E1-523', 'C00', 'C00-3-F4'),
('E1-524', 'C00', 'C00-3-F4'),
('E1-525', 'C00', 'C00-3-F4'),
('E1-526', 'C00', 'C00-4-F1'),
('E1-527', 'C00', 'C00-4-F1'),
('E1-528', 'C00', 'C00-4-F1'),
('E1-529', 'C00', 'C00-4-F1'),
('E1-53', 'C01', 'C01-3-F2'),
('E1-530', 'C00', 'C00-4-F1'),
('E1-531', 'C00', 'C00-4-F1'),
('E1-532', 'C00', 'C00-4-F2'),
('E1-533', 'C00', 'C00-4-F2'),
('E1-534', 'C00', 'C00-4-F2'),
('E1-535', 'C00', 'C00-4-F2'),
('E1-536', 'C00', 'C00-4-F2'),
('E1-537', 'C00', 'C00-4-F2'),
('E1-538', 'C00', 'C00-4-F2'),
('E1-54', 'C01', 'C01-3-F2'),
('E1-540', 'C00', 'C00-4-F3'),
('E1-541', 'C00', 'C00-4-F3'),
('E1-542', 'C00', 'C00-4-F3'),
('E1-543', 'C00', 'C00-4-F3'),
('E1-544', 'C00', 'C00-4-F3'),
('E1-545', 'C00', 'C00-4-F3'),
('E1-546', 'C00', 'C00-4-F4'),
('E1-547', 'C00', 'C00-4-F4'),
('E1-548', 'C00', 'C00-4-F4'),
('E1-549', 'C00', 'C00-4-F4'),
('E1-55', 'C01', 'C01-3-F2'),
('E1-550', 'C00', 'C00-4-F4'),
('E1-551', 'C00', 'C00-4-F4'),
('E1-553', 'C00', 'C00-4-F4'),
('E1-554', 'C00', 'C00-4-F4'),
('E1-555', 'C00', 'C00-5-F1'),
('E1-556', 'C00', 'C00-5-F1'),
('E1-557', 'C00', 'C00-5-F1'),
('E1-558', 'C00', 'C00-5-F1'),
('E1-559', 'C00', 'C00-5-F1'),
('E1-56', 'C01', 'C01-3-F2'),
('E1-560', 'C00', 'C00-5-F1'),
('E1-561', 'C00', 'C00-5-F1'),
('E1-562', 'C00', 'C00-5-F2'),
('E1-563', 'C00', 'C00-5-F2'),
('E1-564', 'C00', 'C00-5-F2'),
('E1-565', 'C00', 'C00-5-F2'),
('E1-566', 'C00', 'C00-5-F2'),
('E1-567', 'C00', 'C00-5-F2'),
('E1-57', 'C01', 'C01-3-F2'),
('E1-570', 'C00', 'C00-5-F3'),
('E1-571', 'C00', 'C00-5-F3'),
('E1-572', 'C00', 'C00-5-F3'),
('E1-573', 'C00', 'C00-5-F3'),
('E1-574', 'C00', 'C00-5-F3'),
('E1-575', 'C00', 'C00-5-F3'),
('E1-578', 'C00', 'C00-5-F4'),
('E1-579', 'C00', 'C00-5-F4'),
('E1-58', 'C01', 'C01-3-F2'),
('E1-580', 'C00', 'C00-5-F4'),
('E1-581', 'C00', 'C00-5-F4'),
('E1-582', 'C00', 'C00-5-F4'),
('E1-583', 'C00', 'C00-5-F4'),
('E1-585', 'C00', 'C00-6-F1'),
('E1-587', 'C00', 'C00-6-F1'),
('E1-588', 'C00', 'C00-6-F1'),
('E1-589', 'C00', 'C00-6-F1'),
('E1-590', 'C00', 'C00-6-F1'),
('E1-591', 'C00', 'C00-6-F1'),
('E1-592', 'C00', 'C00-6-F1'),
('E1-593', 'C00', 'C00-6-F1'),
('E1-595', 'C00', 'C00-6-F2'),
('E1-596', 'C00', 'C00-6-F2'),
('E1-597', 'C00', 'C00-6-F2'),
('E1-599', 'C00', 'C00-6-F2'),
('E1-6', 'C01', 'C01-1-F1'),
('E1-600', 'C00', 'C00-6-F2'),
('E1-601', 'C00', 'C00-6-F2'),
('E1-602', 'C00', 'C00-6-F2'),
('E1-603', 'C00', 'C00-6-F2'),
('E1-604', 'C00', 'C00-6-F2'),
('E1-605', 'C00', 'C00-6-F3'),
('E1-606', 'C00', 'C00-7-F4'),
('E1-607', 'C00', 'C00-6-F3'),
('E1-608', 'C00', 'C00-6-F3'),
('E1-609', 'C00', 'C00-6-F3'),
('E1-61', 'C01', 'C01-3-F3'),
('E1-610', 'C00', 'C00-6-F3'),
('E1-612', 'C00', 'C00-6-F3'),
('E1-613', 'C00', 'C00-6-F3'),
('E1-615', 'C00', 'C00-6-F4'),
('E1-616', 'C00', 'C00-6-F4'),
('E1-617', 'C00', 'C00-6-F4'),
('E1-62', 'C01', 'C01-3-F3'),
('E1-620', 'C00', 'C00-6-F4'),
('E1-621', 'C00', 'C00-7-F1'),
('E1-622', 'C00', 'C00-7-F1'),
('E1-626', 'C00', 'C00-7-F1'),
('E1-627', 'C00', 'C00-7-F1'),
('E1-629', 'C00', 'C00-7-F2'),
('E1-63', 'C01', 'C01-3-F3'),
('E1-632', 'C00', 'C00-7-F2'),
('E1-633', 'C00', 'C00-7-F2'),
('E1-634', 'C00', 'C00-7-F2'),
('E1-635', 'C00', 'C00-7-F2'),
('E1-636', 'C00', 'C00-7-F2'),
('E1-637', 'C00', 'C00-7-F3'),
('E1-638', 'C00', 'C00-7-F3'),
('E1-639', 'C00', 'C00-7-F3'),
('E1-64', 'C01', 'C01-3-F3'),
('E1-640', 'C00', 'C00-7-F3'),
('E1-641', 'C00', 'C00-7-F3'),
('E1-642', 'C00', 'C00-7-F3'),
('E1-643', 'C00', 'C00-7-F3'),
('E1-644', 'C00', 'C00-7-F3'),
('E1-645', 'C00', 'C00-7-F3'),
('E1-646', 'C00', 'C00-7-F4'),
('E1-647', 'C00', 'C00-7-F4'),
('E1-648', 'C00', 'C00-7-F4'),
('E1-649', 'C00', 'C00-7-F4'),
('E1-65', 'C01', 'C01-3-F3'),
('E1-650', 'C00', 'C00-8-F1'),
('E1-651', 'C00', 'C00-8-F1'),
('E1-652', 'C00', 'C00-8-F1'),
('E1-653', 'C00', 'C00-8-F1'),
('E1-654', 'C00', 'C00-8-F1'),
('E1-655', 'C00', 'C00-8-F1'),
('E1-656', 'C00', 'C00-8-F1'),
('E1-657', 'C00', 'C00-8-F1'),
('E1-658', 'C00', 'C00-8-F2'),
('E1-659', 'C00', 'C00-8-F2'),
('E1-66', 'C01', 'C01-3-F3'),
('E1-660', 'C00', 'C00-8-F2'),
('E1-661', 'C00', 'C00-8-F2'),
('E1-662', 'C00', 'C00-8-F2'),
('E1-663', 'C00', 'C00-8-F2'),
('E1-664', 'C00', 'C00-8-F2'),
('E1-666', 'C00', 'C00-8-F3'),
('E1-671', 'C00', 'C00-8-F3'),
('E1-672', 'C00', 'C00-8-F4'),
('E1-673', 'C00', 'C00-8-F4'),
('E1-674', 'C00', 'C00-8-F4'),
('E1-675', 'C00', 'C00-8-F4'),
('E1-676', 'C00', 'C00-8-F4'),
('E1-677', 'C00', 'C00-8-F4'),
('E1-68', 'C01', 'C01-3-F5'),
('E1-680', 'C00', 'C00-9-F1'),
('E1-681', 'C00', 'C00-9-F1'),
('E1-682', 'C00', 'C00-9-F1'),
('E1-683', 'C00', 'C00-9-F1'),
('E1-684', 'C00', 'C00-9-F1'),
('E1-685', 'C00', 'C00-9-F2'),
('E1-687', 'C00', 'C00-9-F2'),
('E1-688', 'C00', 'C00-9-F2'),
('E1-69', 'C01', 'C01-3-F5'),
('E1-690', 'C00', 'C00-9-F2'),
('E1-691', 'C00', 'C00-9-F3'),
('E1-693', 'C00', 'C00-9-F3'),
('E1-694', 'C00', 'C00-9-F3'),
('E1-695', 'C00', 'C00-9-F3'),
('E1-696', 'C00', 'C00-9-F3'),
('E1-697', 'C00', 'C00-9-F3'),
('E1-699', 'C00', 'C00-9-F4'),
('E1-7', 'C01', 'C01-1-F1'),
('E1-70', 'C01', 'C01-3-F5'),
('E1-700', 'C00', 'C00-9-F4'),
('E1-701', 'C00', 'C00-9-F4'),
('E1-702', 'C00', 'C00-9-F4'),
('E1-703', 'C00', 'C00-7-F4'),
('E1-704', 'C00', 'C00-7-F4'),
('E1-705', 'C00', 'C00-10-F1'),
('E1-706', 'C00', 'C00-10-F1'),
('E1-707', 'C00', 'C00-10-F1'),
('E1-708', 'C00', 'C00-10-F1'),
('E1-709', 'C00', 'C00-10-F1'),
('E1-71', 'C01', 'C01-3-F5'),
('E1-710', 'C00', 'C00-10-F1'),
('E1-711', 'C00', 'C00-10-F1'),
('E1-712', 'C00', 'C00-10-F1'),
('E1-713', 'C00', 'C00-10-F2'),
('E1-714', 'C00', 'C00-10-F2'),
('E1-715', 'C00', 'C00-10-F2'),
('E1-717', 'C00', 'C00-10-F2'),
('E1-718', 'C00', 'C00-10-F2'),
('E1-719', 'C00', 'C00-10-F2'),
('E1-72', 'C01', 'C01-3-F5'),
('E1-720', 'C00', 'C00-10-F2'),
('E1-721', 'C00', 'C00-10-F2'),
('E1-722', 'C00', 'C00-10-F3'),
('E1-723', 'C00', 'C00-10-F3'),
('E1-724', 'C00', 'C00-10-F3'),
('E1-725', 'C00', 'C00-10-F3'),
('E1-727', 'C00', 'C00-10-F3'),
('E1-728', 'C00', 'C00-10-F3'),
('E1-729', 'C00', 'C00-10-F4'),
('E1-73', 'C01', 'C01-3-F5'),
('E1-730', 'C00', 'C00-10-F4'),
('E1-731', 'C00', 'C00-10-F4'),
('E1-732', 'C00', 'C00-10-F4'),
('E1-733', 'C00', 'C00-10-F4'),
('E1-734', 'C00', 'C00-10-F4'),
('E1-735', 'C00', 'C00-10-F4'),
('E1-738', 'C00', 'C00-11-F1'),
('E1-739', 'C00', 'C00-11-F1'),
('E1-74', 'C01', 'C01-3-F5'),
('E1-740', 'C00', 'C00-11-F1'),
('E1-741', 'C00', 'C00-11-F1'),
('E1-742', 'C00', 'C00-11-F1'),
('E1-743', 'C00', 'C00-11-F1'),
('E1-744', 'C00', 'C00-11-F1'),
('E1-745', 'C00', 'C00-11-F1'),
('E1-746', 'C00', 'C00-11-F1'),
('E1-747', 'C00', 'C00-11-F2'),
('E1-749', 'C00', 'C00-11-F2'),
('E1-75', 'C01', 'C01-3-F6'),
('E1-750', 'C00', 'C00-11-F2'),
('E1-752', 'C00', 'C00-11-F2'),
('E1-753', 'C00', 'C00-11-F2'),
('E1-754', 'C00', 'C00-11-F2'),
('E1-756', 'C00', 'C00-11-F3'),
('E1-757', 'C00', 'C00-11-F3'),
('E1-758', 'C00', 'C00-11-F3'),
('E1-759', 'C00', 'C00-11-F3'),
('E1-76', 'C01', 'C01-3-F6'),
('E1-760', 'C00', 'C00-11-F3'),
('E1-761', 'C00', 'C00-11-F3'),
('E1-762', 'C00', 'C00-11-F3'),
('E1-763', 'C00', 'C00-11-F3'),
('E1-764', 'C00', 'C00-11-F3'),
('E1-765', 'C00', 'C00-11-F3'),
('E1-766', 'C00', 'C00-11-F3'),
('E1-767', 'C00', 'C00-11-F3'),
('E1-768', 'C00', 'C00-11-F3'),
('E1-769', 'C00', 'C00-11-F4'),
('E1-77', 'C01', 'C01-3-F6'),
('E1-770', 'C00', 'C00-11-F4'),
('E1-771', 'C00', 'C00-11-F4'),
('E1-772', 'C00', 'C00-11-F4'),
('E1-774', 'C00', 'C00-11-F4'),
('E1-775', 'C00', 'C00-11-F4'),
('E1-776', 'C00', 'C00-11-F4'),
('E1-777', 'C00', 'C00-11-F4'),
('E1-778', 'C00', 'C00-11-F4'),
('E1-779', 'C00', 'C00-11-F4'),
('E1-78', 'C01', 'C01-3-F6'),
('E1-780', 'C00', 'C00-11-F4'),
('E1-781', 'C00', 'C00-11-F4'),
('E1-782', 'C02', 'C02-8-F1'),
('E1-783', 'C02', 'C02-8-F1'),
('E1-784', 'C02', 'C02-8-F1'),
('E1-785', 'C02', 'C02-8-F1'),
('E1-786', 'C02', 'C02-8-F1'),
('E1-787', 'C02', 'C02-8-F2'),
('E1-788', 'C02', 'C02-8-F2'),
('E1-789', 'C02', 'C02-8-F2'),
('E1-79', 'C01', 'C01-4-F1'),
('E1-790', 'C02', 'C02-8-F2'),
('E1-791', 'C02', 'C02-8-F2'),
('E1-792', 'C02', 'C02-8-F3'),
('E1-793', 'C02', 'C02-8-F3'),
('E1-794', 'C02', 'C02-8-F3'),
('E1-795', 'C02', 'C02-8-F3'),
('E1-796', 'C02', 'C02-8-F4'),
('E1-797', 'C02', 'C02-8-F4'),
('E1-798', 'C02', 'C02-8-F4'),
('E1-799', 'C02', 'C02-8-F4'),
('E1-8', 'C01', 'C01-1-F1'),
('E1-80', 'C01', 'C01-4-F1'),
('E1-800', 'C02', 'C02-8-F5'),
('E1-801', 'C02', 'C02-8-F5'),
('E1-802', 'C02', 'C02-8-F5'),
('E1-803', 'C02', 'C02-8-F5'),
('E1-804', 'C02', 'C02-8-F6'),
('E1-805', 'C02', 'C02-8-F6'),
('E1-806', 'C02', 'C02-8-F6'),
('E1-807', 'C02', 'C02-8-F6'),
('E1-809', 'C02', 'C02-8-F7'),
('E1-81', 'C01', 'C01-4-F1'),
('E1-810', 'C02', 'C02-8-F7'),
('E1-811', 'C02', 'C02-8-F7'),
('E1-812', 'C02', 'C02-8-F8'),
('E1-813', 'C02', 'C02-8-F8'),
('E1-814', 'C02', 'C02-8-F8'),
('E1-815', 'C02', 'C02-8-F8'),
('E1-816', 'C02', 'C02-7-F1'),
('E1-817', 'C02', 'C02-7-F1'),
('E1-818', 'C02', 'C02-7-F1'),
('E1-819', 'C02', 'C02-7-F1'),
('E1-82', 'C01', 'C01-4-F1'),
('E1-820', 'C02', 'C02-7-F1'),
('E1-821', 'C02', 'C02-7-F1'),
('E1-823', 'C02', 'C02-7-F1'),
('E1-824', 'C02', 'C02-7-F1'),
('E1-825', 'C02', 'C02-7-F1'),
('E1-826', 'C02', 'C02-7-F2'),
('E1-827', 'C02', 'C02-7-F2'),
('E1-828', 'C02', 'C02-7-F2'),
('E1-829', 'C02', 'C02-7-F2'),
('E1-83', 'C01', 'C01-4-F1'),
('E1-830', 'C02', 'C02-7-F2'),
('E1-831', 'C02', 'C02-7-F3'),
('E1-833', 'C02', 'C02-7-F3'),
('E1-834', 'C02', 'C02-7-F3'),
('E1-835', 'C02', 'C02-6-F1'),
('E1-836', 'C02', 'C02-6-F1'),
('E1-837', 'C02', 'C02-6-F1'),
('E1-838', 'C02', 'C02-6-F1'),
('E1-839', 'C02', 'C02-6-F1'),
('E1-84', 'C01', 'C01-4-F1'),
('E1-840', 'C02', 'C02-6-F1'),
('E1-841', 'C02', 'C02-6-F1'),
('E1-842', 'C02', 'C02-6-F1'),
('E1-843', 'C02', 'C02-6-F1'),
('E1-844', 'C02', 'C02-6-F1'),
('E1-845', 'C02', 'C02-6-F2'),
('E1-846', 'C02', 'C02-6-F2'),
('E1-847', 'C02', 'C02-6-F2'),
('E1-848', 'C02', 'C02-6-F2'),
('E1-849', 'C02', 'C02-6-F2'),
('E1-85', 'C01', 'C01-4-F1'),
('E1-850', 'C02', 'C02-6-F3'),
('E1-851', 'C02', 'C02-6-F3'),
('E1-852', 'C02', 'C02-6-F3'),
('E1-853', 'C02', 'C02-6-F3'),
('E1-854', 'C02', 'C02-6-F3'),
('E1-855', 'C02', 'C02-6-F3'),
('E1-856', 'C02', 'C02-6-F3'),
('E1-857', 'C02', 'C02-6-F3'),
('E1-858', 'C02', 'C02-6-F3'),
('E1-859', 'C02', 'C02-6-F3'),
('E1-86', 'C01', 'C01-4-F2'),
('E1-860', 'C02', 'C02-6-F3'),
('E1-861', 'C02', 'C02-6-F3'),
('E1-862', 'C02', 'C02-6-F3'),
('E1-863', 'C02', 'C02-6-F3'),
('E1-865', 'C02', 'C02-6-F4'),
('E1-866', 'C02', 'C02-6-F4'),
('E1-867', 'C02', 'C02-6-F4'),
('E1-868', 'C02', 'C02-6-F4'),
('E1-869', 'C02', 'C02-6-F4'),
('E1-87', 'C01', 'C01-4-F2'),
('E1-873', 'C02', 'C02-6-F4'),
('E1-874', 'C02', 'C02-6-F4'),
('E1-875', 'C02', 'C02-6-F4'),
('E1-876', 'C02', 'C02-6-F4'),
('E1-877', 'C02', 'C02-6-F4'),
('E1-878', 'C02', 'C02-6-F4'),
('E1-879', 'C02', 'C02-6-F4'),
('E1-88', 'C01', 'C01-4-F2'),
('E1-880', 'C02', 'C02-6-F4'),
('E1-881', 'C02', 'C02-6-F4'),
('E1-882', 'C02', 'C02-6-F4'),
('E1-884', 'C02', 'C02-6-F4'),
('E1-885', 'C02', 'C02-6-F4'),
('E1-886', 'C02', 'C02-5-F1'),
('E1-887', 'C02', 'C02-5-F1'),
('E1-888', 'C02', 'C02-5-F1'),
('E1-889', 'C02', 'C02-5-F1'),
('E1-89', 'C01', 'C01-4-F2'),
('E1-890', 'C02', 'C02-5-F1'),
('E1-891', 'C02', 'C02-5-F1'),
('E1-892', 'C02', 'C02-5-F2'),
('E1-893', 'C02', 'C02-5-F2'),
('E1-894', 'C02', 'C02-5-F2'),
('E1-895', 'C02', 'C02-5-F2'),
('E1-896', 'C02', 'C02-5-F2'),
('E1-897', 'C02', 'C02-5-F2'),
('E1-898', 'C02', 'C02-5-F3'),
('E1-899', 'C02', 'C02-5-F3'),
('E1-9', 'C01', 'C01-1-F2'),
('E1-90', 'C01', 'C01-4-F2'),
('E1-900', 'C02', 'C02-5-F3'),
('E1-901', 'C02', 'C02-5-F3'),
('E1-902', 'C02', 'C02-4-F1'),
('E1-904', 'C02', 'C02-4-F1'),
('E1-905', 'C02', 'C02-4-F1'),
('E1-907', 'C02', 'C02-4-F2'),
('E1-908', 'C02', 'C02-4-F2'),
('E1-909', 'C02', 'C02-4-F2'),
('E1-91', 'C01', 'C01-4-F2'),
('E1-910', 'C02', 'C02-4-F2'),
('E1-911', 'C02', 'C02-4-F2'),
('E1-912', 'C02', 'C02-4-F2'),
('E1-913', 'C02', 'C02-4-F2'),
('E1-914', 'C02', 'C02-4-F2'),
('E1-917', 'C02', 'C02-4-F3'),
('E1-918', 'C02', 'C02-4-F3'),
('E1-919', 'C02', 'C02-4-F3'),
('E1-92', 'C01', 'C01-4-F2'),
('E1-920', 'C02', 'C02-3-F1'),
('E1-921', 'C02', 'C02-3-F1'),
('E1-922', 'C02', 'C02-3-F1'),
('E1-923', 'C02', 'C02-3-F1'),
('E1-924', 'C02', 'C02-3-F1'),
('E1-925', 'C02', 'C02-3-F1'),
('E1-926', 'C02', 'C02-3-F2'),
('E1-927', 'C02', 'C02-3-F2'),
('E1-928', 'C02', 'C02-3-F2'),
('E1-929', 'C02', 'C02-3-F2'),
('E1-93', 'C01', 'C01-4-F3'),
('E1-930', 'C02', 'C02-3-F2'),
('E1-931', 'C02', 'C02-3-F3'),
('E1-932', 'C02', 'C02-3-F3'),
('E1-933', 'C02', 'C02-3-F2'),
('E1-934', 'C02', 'C02-1-F1'),
('E1-935', 'C02', 'C02-1-F1'),
('E1-936', 'C02', 'C02-1-F1'),
('E1-937', 'C02', 'C02-1-F1'),
('E1-938', 'C02', 'C02-1-F2'),
('E1-939', 'C02', 'C02-1-F2'),
('E1-94', 'C01', 'C01-4-F3'),
('E1-943', 'C02', 'C02-1-F3'),
('E1-945', 'C02', 'C02-1-F3'),
('E1-95', 'C01', 'C01-4-F3'),
('E1-96', 'C01', 'C01-4-F3'),
('E1-97', 'C01', 'C01-4-F3'),
('E1-98', 'C01', 'C01-4-F4');

-- --------------------------------------------------------

--
-- Struttura della tabella `ubicazioni_articoli`
--

CREATE TABLE `ubicazioni_articoli` (
  `COD_UBICAZIONE` varchar(255) NOT NULL,
  `COD_ARTICOLO` varchar(255) NOT NULL,
  `QUANTITA_PREVISTA` int(11) NULL,
  `SEGNALAZIONE_ESAURIMENTO` char(1) NOT NULL DEFAULT 'N',
  `DISEGNO` varchar(255) NULL,
  `DESCRIZIONE` varchar(255) NULL,
  `NOTE` text NULL
) ENGINE=InnoDB DEFAULT CHARSET=utf8;

--
-- Dump dei dati per la tabella `ubicazioni_articoli`
--

INSERT INTO `ubicazioni_articoli` (`COD_UBICAZIONE`, `COD_ARTICOLO`, `QUANTITA_PREVISTA`, `SEGNALAZIONE_ESAURIMENTO`, `DISEGNO`, `DESCRIZIONE`, `NOTE`) VALUES
('E1-1', '00024794', 60, 'N', 'NORM-VTE-M8X16', 'VITE-TE-M8x16-DIN933-ISO4017-UNI5739-ZB-Acciaio8.8', NULL),
('E1-10', '00017236', 80, 'N', 'NORM-VTSEI-M8X16', 'VITE-TSEI-M8x16-DIN7991-ISO10642-UNI5933-ZB-Acciaio8.8', NULL),
('E1-101', '00053690', 500, 'N', 'NORM-ROND-M6-D25', 'Rondella-Fascia-Larga-M6-D25-BN732-ZB-Acciaio140HV', NULL),
('E1-102', '00017248', 300, 'N', 'NORM-VTSEI-M5X10', 'VITE-TSEI-M5x10-DIN7991-ISO10642-UNI5933-ZB-Acciaio8.8', NULL),
('E1-104', '00017247', 300, 'N', 'NORM-VTSEI-M5X12', 'VITE-TSEI-M5x12-DIN7991-ISO10642-UNI5933-ZB-Acciaio8.8', NULL),
('E1-105', '00017246', 250, 'N', 'NORM-VTSEI-M5X16', 'VITE-TSEI-M5x16-DIN7991-ISO10642-UNI5933-ZB-Acciaio8.8', NULL),
('E1-106', '00052303', 200, 'N', 'NORM-VTSEI-M5X20', 'VITE-TSEI-M5x20-DIN7991-ISO10642-UNI5933-ZB-Acciaio8.8', NULL),
('E1-109', '00017265', 70, 'N', 'NORM-VTE-M5X10', 'VITE-TE-M5x10-DIN933-ISO4017-UNI5739-ZB-Acciaio8.8', NULL),
('E1-11', '00017235', 80, 'N', 'NORM-VTSEI-M8X20', 'VITE-TSEI-M8x20-DIN7991-ISO10642-UNI5933-ZB-Acciaio8.8', NULL),
('E1-110', '00040256', 70, 'N', 'NORM-VTE-M5X12', 'VITE-TE-M5x12-DIN933-ISO4017-UNI5739-ZB-Acciaio8.8', NULL),
('E1-111', '00017264', 300, 'N', 'NORM-VTE-M5X16', 'VITE-TE-M5x16-DIN933-ISO4017-UNI5739-ZB-Acciaio8.8', NULL),
('E1-112', '00017263', 200, 'N', 'NORM-VTE-M5X20', 'VITE-TE-M5x20-DIN933-ISO4017-UNI5739-ZB-Acciaio8.8', NULL),
('E1-113', '00017262', 200, 'N', 'NORM-VTE-M5X25', 'VITE-TE-M5x25-DIN933-ISO4017-UNI5739-ZB-Acciaio8.8', NULL),
('E1-114', '00045978', 200, 'N', 'NORM-VTE-M5X30', 'VITE-TE-M5x30-DIN933-ISO4017-UNI5739-ZB-Acciaio8.8', NULL),
('E1-115', '00042394', 150, 'N', 'NORM-VTE-M5X40', 'VITE-TE-M5x40-DIN933-ISO4017-UNI5739-ZB-Acciaio8.8', NULL),
('E1-116', '00017322', 300, 'N', 'NORM-VSTEI-M5X6', 'VITE-STEI-M5x6-DIN913-ISO4026-UNI5923-ZB-Acciaio45H', NULL),
('E1-117', '00017321', 300, 'N', 'NORM-VSTEI-M5X8', 'VITE-STEI-M5x8-DIN913-ISO4026-UNI5923-ZB-Acciaio45H', NULL),
('E1-118', '00017326', 250, 'N', 'NORM-VSTEI-M5X10', 'VITE-STEI-M5x10-DIN913-ISO4026-UNI5923-ZB-Acciaio45H', NULL),
('E1-119', '00029385', 250, 'N', 'NORM-VSTEI-M5X12', 'VITE-STEI-M5x12-DIN913-ISO4026-UNI5923-ZB-Acciaio45H', NULL),
('E1-12', '00017233', 30, 'N', 'NORM-VTSEI-M8X30', 'VITE-TSEI-M8x30-DIN7991-ISO10642-UNI5933-ZB-Acciaio8.8', NULL),
('E1-12', '00017234', 80, 'N', 'NORM-VTSEI-M8X25', 'VITE-TSEI-M8x25-DIN7991-ISO10642-UNI5933-ZB-Acciaio8.8', NULL),
('E1-120', '00017325', 200, 'N', 'NORM-VSTEI-M5X16', 'VITE-STEI-M5x16-DIN913-ISO4026-UNI5923-ZB-Acciaio45H', NULL),
('E1-121', '00017324', 200, 'N', 'NORM-VSTEI-M5X20', 'VITE-STEI-M5x20-DIN913-ISO4026-UNI5923-ZB-Acciaio45H', NULL),
('E1-122', '00017323', 150, 'N', 'NORM-VSTEI-M5X25', 'VITE-STEI-M5x25-DIN913-ISO4026-UNI5923-ZB-Acciaio45H', NULL),
('E1-123', '00032660', 100, 'N', 'NORM-VSTEI-M5X30', 'VITE-STEI-M5x30-DIN913-ISO4026-UNI5923-ZB-Acciaio45H', NULL),
('E1-126', '00017292', 300, 'N', 'NORM-VTBEI-M5X6', 'VITE-TBEI-M5x6-ISO7380-ZB-Acciaio8.8', NULL),
('E1-127', '00017291', 300, 'N', 'NORM-VTBEI-M5X8', 'VITE-TBEI-M5x8-ISO7380-ZB-Acciaio8.8', NULL),
('E1-128', '00017296', 200, 'N', 'NORM-VTBEI-M5X10', 'VITE-TBEI-M5x10-ISO7380-ZB-Acciaio8.8', NULL),
('E1-129', '00017295', 200, 'N', 'NORM-VTBEI-M5X12', 'VITE-TBEI-M5x12-ISO7380-ZB-Acciaio8.8', NULL),
('E1-13', '00052304', 60, 'N', 'NORM-VTSEI-M8X35', 'VITE-TSEI-M8x35-DIN7991-ISO10642-UNI5933-ZB-Acciaio8.8', NULL),
('E1-130', '00017294', 200, 'N', 'NORM-VTBEI-M5X16', 'VITE-TBEI-M5x16-ISO7380-ZB-Acciaio8.8', NULL),
('E1-131', '00017293', 150, 'N', 'NORM-VTBEI-M5X20', 'VITE-TBEI-M5x20-ISO7380-ZB-Acciaio8.8', NULL),
('E1-132', '00043880', 150, 'N', 'NORM-VTBEI-M5X25', 'VITE-TBEI-M5x25-ISO7380-ZB-Acciaio8.8', NULL),
('E1-134', '00022929', 300, 'N', 'NORM-VTB-M5X10', 'VITE-TB-M5x10-DIN7985A-ISO7045-UNI7687-ZB-Acciaio4.8', NULL),
('E1-135', '00017177', 400, 'N', 'NORM-VTCEI-M5X8', 'VITE-TCEI-M5x8-DIN912-ISO4762-UNI5931-ZB-Acciaio8.8', NULL),
('E1-136', '00017163', 400, 'N', 'NORM-VTCEI-M5X10', 'VITE-TCEI-M5x10-DIN912-ISO4762-UNI5931-ZB-Acciaio8.8', NULL),
('E1-137', '00017164', 300, 'N', 'NORM-VTCEI-M5X12', 'VITE-TCEI-M5x12-DIN912-ISO4762-UNI5931-ZB-Acciaio8.8', NULL),
('E1-138', '00017165', 300, 'N', 'NORM-VTCEI-M5X14', 'VITE-TCEI-M5x14-DIN912-ISO4762-UNI5931-ZB-Acciaio8.8', NULL),
('E1-139', '00017166', 300, 'N', 'NORM-VTCEI-M5X16', 'VITE-TCEI-M5x16-DIN912-ISO4762-UNI5931-ZB-Acciaio8.8', NULL),
('E1-14', '00017192', 70, 'N', 'NORM-VTCEI-M8X12', 'VITE-TCEI-M8x12-DIN912-ISO4762-UNI5931-ZB-Acciaio8.8', NULL),
('E1-14', '00017312', 50, 'N', 'NORM-VSTEI-M8X10', 'VITE-STEI-M8x10-DIN913-ISO4026-UNI5923-ZB-Acciaio45H', NULL),
('E1-140', '00017167', 300, 'N', 'NORM-VTCEI-M5X18', 'VITE-TCEI-M5x18-DIN912-ISO4762-UNI5931-ZB-Acciaio8.8', NULL),
('E1-141', '00017168', 300, 'N', 'NORM-VTCEI-M5X20', 'VITE-TCEI-M5x20-DIN912-ISO4762-UNI5931-ZB-Acciaio8.8', NULL),
('E1-142', '00017170', 250, 'N', 'NORM-VTCEI-M5X25', 'VITE-TCEI-M5x25-DIN912-ISO4762-UNI5931-ZB-Acciaio8.8', NULL),
('E1-143', '00017171', 250, 'N', 'NORM-VTCEI-M5X30', 'VITE-TCEI-M5x30-DIN912-ISO4762-UNI5931-ZB-Acciaio8.8', NULL),
('E1-144', '00017172', 250, 'N', 'NORM-VTCEI-M5X35', 'VITE-TCEI-M5x35-DIN912-ISO4762-UNI5931-ZB-Acciaio8.8', NULL),
('E1-145', '00017173', 200, 'N', 'NORM-VTCEI-M5X40', 'VITE-TCEI-M5x40-DIN912-ISO4762-UNI5931-ZB-Acciaio8.8', NULL),
('E1-146', '00017174', 200, 'N', 'NORM-VTCEI-M5X45', 'VITE-TCEI-M5x45-DIN912-ISO4762-UNI5931-ZB-Acciaio8.8', NULL),
('E1-147', '00017175', 200, 'N', 'NORM-VTCEI-M5X50', 'VITE-TCEI-M5x50-DIN912-ISO4762-UNI5931-ZB-Acciaio8.8', NULL),
('E1-148', '00017176', 200, 'N', 'NORM-VTCEI-M5X60', 'VITE-TCEI-M5x60-DIN912-ISO4762-UNI5931-ZB-Acciaio8.8', NULL),
('E1-149', '00056522', 150, 'N', 'NORM-VTCEI-M5X70', 'VITE-TCEI-M5x70-DIN912-ISO4762-UNI5931-ZB-Acciaio8.8', NULL),
('E1-15', '00017311', 20, 'N', 'NORM-VSTEI-M8X16', 'VITE-STEI-M8x16-DIN913-ISO4026-UNI5923-ZB-Acciaio45H', NULL),
('E1-153', '00017388', 500, 'N', 'NORM-DADO-M5-AUT', 'Dado-esagonale-M5-autofrenante-anello-poliammide-DIN985-UNI7474-ZB-Acciaio6', NULL),
('E1-154', '00017393', 500, 'N', 'NORM-DADO-M5', 'Dado-esagonale-M5-ZB-DIN934-ISO4032-UNI5588-Acciaio8', NULL),
('E1-155', '00017384', 300, 'N', 'NORM-DADO-CIECO-M5', 'Dado-esagonale-cieco-M5-ZB-DIN1587-UNI5721-Acciaio6', NULL),
('E1-157', '00017017', 500, 'N', 'BOSSARD-1279904', 'Rondella di sicurezza zigrinata-per vite M5-Ø5.3xØ9x0.6-ZB-BN792-acciaio per molle 420-510HV', NULL),
('E1-158', '00017360', 500, 'N', 'NORM-ROND-M5', 'Rondella-piana-media-M5-DIN9021-ISO7093-UNI6593-ZB-Acciaio140HV', NULL),
('E1-16', '00017310', 20, 'N', 'NORM-VSTEI-M8X20', 'VITE-STEI-M8x20-DIN913-ISO4026-UNI5923-ZB-Acciaio45H', NULL),
('E1-160', '00017368', 500, 'N', 'NORM-ROND-M5-D20', 'Rondella-Fascia-Larga-M5-D20-BN732-ZB-Acciaio140HV', NULL),
('E1-161', '00017205', 200, 'N', 'NORM-VTS-M4X8', 'VITE-TS-M4x8-DIN965A-ISO7046-1-UNI7688-ZB-Acciaio4.8', NULL),
('E1-162', '00017210', 200, 'N', 'NORM-VTS-M4X10', 'VITE-TS-M4x10-DIN965A-ISO7046-1-UNI7688-ZB-Acciaio4.8', NULL),
('E1-163', '00017209', 200, 'N', 'NORM-VTS-M4X12', 'VITE-TS-M4x12-DIN965A-ISO7046-1-UNI7688-ZB-Acciaio4.8', NULL),
('E1-164', '00017208', 150, 'N', 'NORM-VTS-M4X14', 'VITE-TS-M4x14-DIN965A-ISO7046-1-UNI7688-ZB-Acciaio4.8', NULL),
('E1-165', '00017207', 150, 'N', 'NORM-VTS-M4X16', 'VITE-TS-M4x16-DIN965A-ISO7046-1-UNI7688-ZB-Acciaio4.8', NULL),
('E1-166', '00017206', 150, 'N', 'NORM-VTS-M4X20', 'VITE-TS-M4x20-DIN965A-ISO7046-1-UNI7688-ZB-Acciaio4.8', NULL),
('E1-169', '00045036', 250, 'N', 'NORM-VTSEI-M4X6', 'VITE-TSEI-M4x6-DIN7991-ISO10642-UNI5933-ZB-Acciaio8.8', NULL),
('E1-17', '00017309', 20, 'N', 'NORM-VSTEI-M8X25', 'VITE-STEI-M8x25-DIN913-ISO4026-UNI5923-ZB-Acciaio45H', NULL),
('E1-170', '00023819', 250, 'N', 'NORM-VTSEI-M4X8', 'VITE-TSEI-M4x8-DIN7991-ISO10642-UNI5933-ZB-Acciaio8.8', NULL),
('E1-171', '00034144', 250, 'N', 'NORM-VTSEI-M4X10', 'VITE-TSEI-M4x10-DIN7991-ISO10642-UNI5933-ZB-Acciaio8.8', NULL),
('E1-172', '00040109', 250, 'N', 'NORM-VTSEI-M4X12', 'VITE-TSEI-M4x12-DIN7991-ISO10642-UNI5933-ZB-Acciaio8.8', NULL),
('E1-173', '00024789', 200, 'N', 'NORM-VTSEI-M4X16', 'VITE-TSEI-M4x16-DIN7991-ISO10642-UNI5933-ZB-Acciaio8.8', NULL),
('E1-174', '00017266', 250, 'N', 'NORM-VTE-M4X8', 'VITE-TE-M4x8-DIN933-ISO4017-UNI5739-ZB-Acciaio8.8', NULL),
('E1-175', '00017270', 250, 'N', 'NORM-VTE-M4X10', 'VITE-TE-M4x10-DIN933-ISO4017-UNI5739-ZB-Acciaio8.8', NULL),
('E1-177', '00017269', 250, 'N', 'NORM-VTE-M4X16', 'VITE-TE-M4x16-DIN933-ISO4017-UNI5739-ZB-Acciaio8.8', NULL),
('E1-178', '00017268', 200, 'N', 'NORM-VTE-M4X20', 'VITE-TE-M4x20-DIN933-ISO4017-UNI5739-ZB-Acciaio8.8', NULL),
('E1-179', '00017267', 200, 'N', 'NORM-VTE-M4X25', 'VITE-TE-M4x25-DIN933-ISO4017-UNI5739-ZB-Acciaio8.8', NULL),
('E1-18', '00017308', 20, 'N', 'NORM-VSTEI-M8X30', 'VITE-STEI-M8x30-DIN913-ISO4026-UNI5923-ZB-Acciaio45H', NULL),
('E1-181', '00017279', 250, 'N', 'NORM-VTB-M4X6', 'VITE-TB-M4x6-DIN7985A-ISO7045-UNI7687-ZB-Acciaio4.8', NULL),
('E1-182', '00017278', 250, 'N', 'NORM-VTB-M4X8', 'VITE-TB-M4x8-DIN7985A-ISO7045-UNI7687-ZB-Acciaio4.8', NULL),
('E1-183', '00017281', 200, 'N', 'NORM-VTB-M4X10', 'VITE-TB-M4x10-DIN7985A-ISO7045-UNI7687-ZB-Acciaio4.8', NULL),
('E1-184', '00052272', 200, 'N', 'NORM-VTB-M4X16', 'VITE-TB-M4x16-DIN7985A-ISO7045-UNI7687-ZB-Acciaio4.8', NULL),
('E1-185', '00059298', 200, 'N', 'NORM-VTBS-M4X10-ANTI-IN', 'Vite antimanomissione-testa bombata cava esalobata con piolino antiscasso-M4x10-ISO7380-inox A2', NULL),
('E1-186', '00059125', 150, 'N', 'NORM-VTBS-M4X20-ANTI-IN', 'Vite antimanomissione-testa bombata cava esalobata con piolino antiscasso-M4x20-ISO7380-inox A2', NULL),
('E1-187', '00059126', 150, 'N', 'NORM-VTBS-M4X25-ANTI-IN', 'Vite antimanomissione-testa bombata cava esalobata con piolino antiscasso-M4x25-ISO7380-inox A2', NULL),
('E1-188', '00017329', 400, 'N', 'NORM-VSTEI-M4X4', 'VITE-STEI-M4x4-DIN913-ISO4026-UNI5923-ZB-Acciaio45H', NULL),
('E1-189', '00017328', 400, 'N', 'NORM-VSTEI-M4X6', 'VITE-STEI-M4x6-DIN913-ISO4026-UNI5923-ZB-Acciaio45H', NULL),
('E1-190', '00017327', 400, 'N', 'NORM-VSTEI-M4X8', 'VITE-STEI-M4x8-DIN913-ISO4026-UNI5923-ZB-Acciaio45H', NULL),
('E1-191', '00017333', 300, 'N', 'NORM-VSTEI-M4X10', 'VITE-STEI-M4x10-DIN913-ISO4026-UNI5923-ZB-Acciaio45H', NULL),
('E1-192', '00021981', 300, 'N', 'NORM-VSTEI-M4X12', 'VITE-STEI-M4x12-DIN913-ISO4026-BN28-ZB-Acciaio 45H', NULL),
('E1-193', '00052241', 250, 'N', 'NORM-VSTEI-M4X14', 'VITE-STEI-M4x14-DIN913-ISO4026-UNI5923-ZB-Acciaio45H', NULL),
('E1-194', '00017332', 200, 'N', 'NORM-VSTEI-M4X16', 'VITE-STEI-M4x16-DIN913-ISO4026-UNI5923-ZB-Acciaio45H', NULL),
('E1-196', '00017331', 200, 'N', 'NORM-VSTEI-M4X20', 'VITE-STEI-M4x20-DIN913-ISO4026-UNI5923-ZB-Acciaio45H', NULL),
('E1-197', '00017330', 150, 'N', 'NORM-VSTEI-M4X25', 'VITE-STEI-M4x25-DIN913-ISO4026-UNI5923-ZB-Acciaio45H', NULL),
('E1-198', '00029276', 150, 'N', 'NORM-VSTEI-M4X30', 'VITE-STEI-M4x30-DIN913-ISO4026-UNI5923-ZB-Acciaio45H', NULL),
('E1-2', '00017256', 40, 'N', 'NORM-VTE-M8X20', 'VITE-TE-M8x20-DIN933-ISO4017-UNI5739-ZB-Acciaio8.8', NULL),
('E1-200', '00017161', 200, 'N', 'NORM-VTCEI-M4X6', 'VITE-TCEI-M4x6-DIN912-ISO4762-UNI5931-ZB-Acciaio8.8', NULL),
('E1-201', '00017162', 200, 'N', 'NORM-VTCEI-M4X8', 'VITE-TCEI-M4x8-DIN912-ISO4762-UNI5931-ZB-Acciaio8.8', NULL),
('E1-202', '00017148', 300, 'N', 'NORM-VTCEI-M4X10', 'VITE-TCEI-M4x10-DIN912-ISO4762-UNI5931-ZB-Acciaio8.8', NULL),
('E1-203', '00017149', 300, 'N', 'NORM-VTCEI-M4X12', 'VITE-TCEI-M4x12-DIN912-ISO4762-UNI5931-ZB-Acciaio8.8', NULL),
('E1-204', '00017150', 250, 'N', 'NORM-VTCEI-M4X14', 'VITE-TCEI-M4x14-DIN912-ISO4762-UNI5931-ZB-Acciaio8.8', NULL),
('E1-205', '00017151', 250, 'N', 'NORM-VTCEI-M4X16', 'VITE-TCEI-M4x16-DIN912-ISO4762-UNI5931-ZB-Acciaio8.8', NULL),
('E1-206', '00017152', 250, 'N', 'NORM-VTCEI-M4X18', 'VITE-TCEI-M4x18-DIN912-ISO4762-UNI5931-ZB-Acciaio8.8', NULL),
('E1-207', '00017153', 150, 'N', 'NORM-VTCEI-M4X20', 'VITE-TCEI-M4x20-DIN912-ISO4762-UNI5931-ZB-Acciaio8.8', NULL),
('E1-208', '00017154', 150, 'N', 'NORM-VTCEI-M4X25', 'VITE-TCEI-M4x25-DIN912-ISO4762-UNI5931-ZB-Acciaio8.8', NULL),
('E1-209', '00017155', 100, 'N', 'NORM-VTCEI-M4X30', 'VITE-TCEI-M4x30-DIN912-ISO4762-UNI5931-ZB-Acciaio8.8', NULL),
('E1-21', '00017193', 60, 'N', 'NORM-VTCEI-M8X16', 'VITE-TCEI-M8x16-DIN912-ISO4762-UNI5931-ZB-Acciaio8.8', NULL),
('E1-210', '00017156', 100, 'N', 'NORM-VTCEI-M4X35', 'VITE-TCEI-M4x35-DIN912-ISO4762-UNI5931-ZB-Acciaio8.8', NULL),
('E1-211', '00017157', 100, 'N', 'NORM-VTCEI-M4X40', 'VITE-TCEI-M4x40-DIN912-ISO4762-UNI5931-ZB-Acciaio8.8', NULL),
('E1-212', '00017158', 100, 'N', 'NORM-VTCEI-M4X45', 'VITE-TCEI-M4x45-DIN912-ISO4762-UNI5931-ZB-Acciaio8.8', NULL),
('E1-213', '00017160', 100, 'N', 'NORM-VTCEI-M4X50', 'VITE-TCEI-M4x50-DIN912-ISO4762-UNI5931-ZB-Acciaio8.8', NULL),
('E1-214', '00049050', 100, 'N', 'NORM-VTCEI-M4X60', 'VITE-TCEI-M4x60-DIN912-ISO4762-UNI5931-ZB-Acciaio8.8', NULL),
('E1-216', '00017385', 200, 'N', 'NORM-DADO-CIECO-M4', 'Dado-esagonale-cieco-M4-ZB-DIN1587-UNI5721-Acciaio6', NULL),
('E1-217', '00017389', 250, 'N', 'NORM-DADO-M4-AUT', 'Dado-esagonale-M4-autofrenante-anello-poliammide-DIN985-UNI7474-ZB-Acciaio6', NULL),
('E1-218', '00017394', 500, 'N', 'NORM-DADO-M4', 'Dado-esagonale-M4-ZB-DIN934-ISO4032-UNI5588-Acciaio8', NULL),
('E1-219', '00017298', 200, 'N', 'NORM-VTBEI-M4X6', 'VITE-TBEI-M4x6-ISO7380-ZB-Acciaio8.8', NULL),
('E1-22', '00017194', 60, 'N', 'NORM-VTCEI-M8X18', 'VITE-TCEI-M8x18-DIN912-ISO4762-UNI5931-ZB-Acciaio8.8', NULL),
('E1-220', '00017297', 200, 'N', 'NORM-VTBEI-M4X8', 'VITE-TBEI-M4x8-ISO7380-ZB-Acciaio8.8', NULL),
('E1-221', '00017302', 150, 'N', 'NORM-VTBEI-M4X10', 'VITE-TBEI-M4x10-ISO7380-ZB-Acciaio8.8', NULL),
('E1-222', '00017301', 150, 'N', 'NORM-VTBEI-M4X12', 'VITE-TBEI-M4x12-ISO7380-ZB-Acciaio8.8', NULL),
('E1-223', '00017300', 150, 'N', 'NORM-VTBEI-M4X16', 'VITE-TBEI-M4x16-ISO7380-ZB-Acciaio8.8', NULL),
('E1-224', '00017299', 100, 'N', 'NORM-VTBEI-M4X20', 'VITE-TBEI-M4x20-ISO7380-ZB-Acciaio8.8', NULL),
('E1-225', '00045714', 100, 'N', 'NORM-VTBEI-M4X25', 'VITE-TBEI-M4x25-ISO7380-ZB-Acciaio8.8', NULL),
('E1-227', '00052407', 500, 'N', 'SCHNORR-412-700', 'Rondella di sicurezza zigrinata-tipo S-per vite M4-Ø4.3xØ7x0.5-H libera 1.0-acciaio per molle', NULL),
('E1-228', '00017361', 600, 'N', 'NORM-ROND-M4', 'Rondella-piana-media-M4-DIN9021-ISO7093-UNI6593-ZB-Acciaio140HV', NULL),
('E1-229', '00019125', 600, 'N', 'NORM-ROND-M4-D12', 'Rondella-Fascia-Larga-M4-D12-DIN9021-ISO7093-UNI6593-BN729-ZB-Acciaio 140HV', NULL),
('E1-23', '00017195', 50, 'N', 'NORM-VTCEI-M8X20', 'VITE-TCEI-M8x20-DIN912-ISO4762-UNI5931-ZB-Acciaio8.8', NULL),
('E1-230', '00017369', 600, 'N', 'NORM-ROND-M4-D16', 'Rondella-Fascia-Larga-M4-D16-BN732-ZB-Acciaio140HV', NULL),
('E1-231', '00004290', 400, 'N', 'NORM-ROS-M4', 'Rosetta elastica-spaccata-bombata-M4-tipo A-DIN 128A-UNI 8839A-acciaio per molle', NULL),
('E1-232', '00054383', 500, 'N', 'BOSSARD-3353162', 'Rondella di sicurezza contact a denti-per vite M5-Ø 5.1xØ10x1-H libera 1.5-mod BN20192-acciaio per molle', NULL),
('E1-233', '00042492', 500, 'N', 'NORM-ROS-M6', 'Rosetta elastica-spaccata-bombata-M6-tipo A-DIN 128A-UNI 8839A-acciaio per molle', NULL),
('E1-234', '00017143', 200, 'N', 'NORM-VTCEI-M3X4', 'VITE-TCEI-M3x4-DIN912-ISO4762-UNI5931-ZB-Acciaio8.8', NULL),
('E1-235', '00017145', 200, 'N', 'NORM-VTCEI-M3X5', 'VITE-TCEI-M3x5-DIN912-ISO4762-UNI5931-ZB-Acciaio8.8', NULL),
('E1-236', '00017146', 500, 'N', 'NORM-VTCEI-M3X6', 'VITE-TCEI-M3x6-DIN912-ISO4762-UNI5931-ZB-Acciaio8.8', NULL),
('E1-237', '00017147', 500, 'N', 'NORM-VTCEI-M3X8', 'VITE-TCEI-M3x8-DIN912-ISO4762-UNI5931-ZB-Acciaio8.8', NULL),
('E1-238', '00017132', 400, 'N', 'NORM-VTCEI-M3X10', 'VITE-TCEI-M3x10-DIN912-ISO4762-UNI5931-ZB-Acciaio8.8', NULL),
('E1-239', '00017133', 400, 'N', 'NORM-VTCEI-M3X12', 'VITE-TCEI-M3x12-DIN912-ISO4762-UNI5931-ZB-Acciaio8.8', NULL),
('E1-24', '00017196', 60, 'N', 'NORM-VTCEI-M8X25', 'VITE-TCEI-M8x25-DIN912-ISO4762-UNI5931-ZB-Acciaio8.8', NULL),
('E1-240', '00017134', 300, 'N', 'NORM-VTCEI-M3X14', 'VITE-TCEI-M3x14-DIN912-ISO4762-UNI5931-ZB-Acciaio8.8', NULL),
('E1-241', '00017135', 300, 'N', 'NORM-VTCEI-M3X16', 'VITE-TCEI-M3x16-DIN912-ISO4762-UNI5931-ZB-Acciaio8.8', NULL),
('E1-242', '00017136', 200, 'N', 'NORM-VTCEI-M3X18', 'VITE-TCEI-M3x18-DIN912-ISO4762-UNI5931-ZB-Acciaio8.8', NULL),
('E1-243', '00017137', 200, 'N', 'NORM-VTCEI-M3X20', 'VITE-TCEI-M3x20-DIN912-ISO4762-UNI5931-ZB-Acciaio8.8', NULL),
('E1-244', '00017138', 200, 'N', 'NORM-VTCEI-M3X22', 'VITE-TCEI-M3x22-DIN912-ISO4762-UNI5931-ZB-Acciaio8.8', NULL),
('E1-245', '00017139', 200, 'N', 'NORM-VTCEI-M3X25', 'VITE-TCEI-M3x25-DIN912-ISO4762-UNI5931-ZB-Acciaio8.8', NULL),
('E1-246', '00017141', 200, 'N', 'NORM-VTCEI-M3X30', 'VITE-TCEI-M3x30-DIN912-ISO4762-UNI5931-ZB-Acciaio8.8', NULL),
('E1-247', '00017142', 200, 'N', 'NORM-VTCEI-M3X35', 'VITE-TCEI-M3x35-DIN912-ISO4762-UNI5931-ZB-Acciaio8.8', NULL),
('E1-248', '00017144', 150, 'N', 'NORM-VTCEI-M3X40', 'VITE-TCEI-M3x40-DIN912-ISO4762-UNI5931-ZB-Acciaio8.8', NULL),
('E1-249', '00049047', 100, 'N', 'NORM-VTCEI-M3X45', 'VITE-TCEI-M3x45-DIN912-ISO4762-UNI5931-ZB-Acciaio8.8', NULL),
('E1-25', '00017197', 50, 'N', 'NORM-VTCEI-M8X30', 'VITE-TCEI-M8x30-DIN912-ISO4762-UNI5931-ZB-Acciaio8.8', NULL),
('E1-250', '00021998', 100, 'N', 'NORM-VTCEI-M3X50', 'VITE-TCEI-M3x50-DIN912-ISO4762-UNI5931-ZB-Acciaio8.8', NULL),
('E1-251', '00033555', 100, 'N', 'NORM-VTCEI-M3X60', 'VITE-TCEI-M3x60-DIN912-ISO4762-UNI5931-ZB-Acciaio8.8', NULL),
('E1-252', '00024810', 300, 'N', 'NORM-VTB-M3X4', 'VITE-TB-M3x4-DIN7985A-ISO7045-UNI7687-ZB-Acciaio4.8', NULL),
('E1-253', '00025153', 300, 'N', 'NORM-VTB-M3X6', 'VITE-TB-M3x6-DIN7985A-ISO7045-UNI7687-ZB-Acciaio4.8', NULL),
('E1-254', '00029255', 300, 'N', 'NORM-VTB-M3X8', 'VITE-TB-M3x8-DIN7985A-ISO7045-UNI7687-ZB-Acciaio4.8', NULL),
('E1-258', '00017214', 500, 'N', 'NORM-VTS-M3X4', 'VITE-TS-M3x4-DIN965A-ISO7046-1-UNI7688-ZB-Acciaio4.8', NULL),
('E1-259', '00017213', 500, 'N', 'NORM-VTS-M3X5', 'VITE-TS-M3x5-DIN965A-ISO7046-1-UNI7688-ZB-Acciaio4.8', NULL),
('E1-26', '00017198', 35, 'N', 'NORM-VTCEI-M8X35', 'VITE-TCEI-M8x35-DIN912-ISO4762-UNI5931-ZB-Acciaio8.8', NULL),
('E1-260', '00017212', 500, 'N', 'NORM-VTS-M3X6', 'VITE-TS-M3x6-DIN965A-ISO7046-1-UNI7688-ZB-Acciaio4.8', NULL),
('E1-261', '00017211', 500, 'N', 'NORM-VTS-M3X8', 'VITE-TS-M3x8-DIN965A-ISO7046-1-UNI7688-ZB-Acciaio4.8', NULL),
('E1-262', '00017218', 300, 'N', 'NORM-VTS-M3X10', 'VITE-TS-M3x10-DIN965A-ISO7046-1-UNI7688-ZB-Acciaio4.8', NULL),
('E1-263', '00017217', 300, 'N', 'NORM-VTS-M3X12', 'VITE-TS-M3x12-DIN965A-ISO7046-1-UNI7688-ZB-Acciaio4.8', NULL),
('E1-264', '00017216', 250, 'N', 'NORM-VTS-M3X16', 'VITE-TS-M3x16-DIN965A-ISO7046-1-UNI7688-ZB-Acciaio4.8', NULL),
('E1-265', '00017395', 600, 'N', 'NORM-DADO-M3', 'Dado-esagonale-M3-ZB-DIN934-ISO4032-UNI5588-Acciaio8', NULL),
('E1-266', '00017390', 600, 'N', 'NORM-DADO-M3-AUT', 'Dado-esagonale-M3-autofrenante-anello-poliammide-DIN985-UNI7474-ZB-Acciaio6', NULL),
('E1-267', '00017362', 1000, 'N', 'NORM-ROND-M3', 'Rondella-piana-media-M3-DIN9021-ISO7093-UNI6593-ZB-Acciaio140HV', NULL),
('E1-269', '00017370', 600, 'N', 'NORM-ROND-M3-D12', 'Rondella-Fascia-Larga-M3-D12-BN732-ZB-Acciaio140HV', NULL),
('E1-27', '00017199', 70, 'N', 'NORM-VTCEI-M8X40', 'VITE-TCEI-M8x40-DIN912-ISO4762-UNI5931-ZB-Acciaio8.8', NULL),
('E1-270', '00025832', 600, 'N', 'SCHNORR-409-400', 'Rondella di sicurezza zigrinata-tipo S-per vite M3-Ø3.2xØ5.5x0.45-H libera 0.9-acciaio per molle', NULL),
('E1-271', '00052433', 500, 'N', 'NORM-DADO-CIECO-M3', 'Dado-esagonale-cieco-M3-ZB-DIN1587-UNI5721-Acciaio6', NULL),
('E1-272', '00042912', 500, 'N', 'NORM-VTE-M3X6', 'VITE-TE-M3x6-DIN933-ISO4017-UNI5739-ZB-Acciaio8.8', NULL),
('E1-273', '00017271', 400, 'N', 'NORM-VTE-M3X8', 'VITE-TE-M3x8-DIN933-ISO4017-UNI5739-ZB-Acciaio8.8', NULL),
('E1-274', '00017274', 300, 'N', 'NORM-VTE-M3X10', 'VITE-TE-M3x10-DIN933-ISO4017-UNI5739-ZB-Acciaio8.8', NULL),
('E1-275', '00042811', 200, 'N', 'NORM-VTE-M3X12', 'VITE-TE-M3x12-DIN933-ISO4017-UNI5739-ZB-Acciaio8.8', NULL),
('E1-276', '00017273', 150, 'N', 'NORM-VTE-M3X16', 'VITE-TE-M3x16-DIN933-ISO4017-UNI5739-ZB-Acciaio8.8', NULL),
('E1-277', '00017272', 100, 'N', 'NORM-VTE-M3X20', 'VITE-TE-M3x20-DIN933-ISO4017-UNI5739-ZB-Acciaio8.8', NULL),
('E1-278', '00017123', 250, 'N', 'NORM-VTCEI-M2.5X4', 'VITE-TCEI-M2.5x4-DIN912-ISO4762-UNI5931-ZB-Acciaio8.8', NULL),
('E1-279', '00017124', 250, 'N', 'NORM-VTCEI-M2.5X5', 'VITE-TCEI-M2.5x5-DIN912-ISO4762-UNI5931-ZB-Acciaio8.8', NULL),
('E1-28', '00017200', 60, 'N', 'NORM-VTCEI-M8X45', 'VITE-TCEI-M8x45-DIN912-ISO4762-UNI5931-ZB-Acciaio8.8', NULL),
('E1-280', '00017125', 250, 'N', 'NORM-VTCEI-M2.5X6', 'VITE-TCEI-M2.5x6-DIN912-ISO4762-UNI5931-ZB-Acciaio8.8', NULL),
('E1-281', '00017126', 250, 'N', 'NORM-VTCEI-M2.5X8', 'VITE-TCEI-M2.5x8-DIN912-ISO4762-UNI5931-ZB-Acciaio8.8', NULL),
('E1-282', '00017117', 250, 'N', 'NORM-VTCEI-M2.5X10', 'VITE-TCEI-M2.5x10-DIN912-ISO4762-UNI5931-ZB-Acciaio8.8', NULL),
('E1-283', '00017118', 150, 'N', 'NORM-VTCEI-M2.5X12', 'VITE-TCEI-M2.5x12-DIN912-ISO4762-UNI5931-ZB-Acciaio8.8', NULL),
('E1-284', '00017119', 150, 'N', 'NORM-VTCEI-M2.5X14', 'VITE-TCEI-M2.5x14-DIN912-ISO4762-UNI5931-ZB-Acciaio8.8', NULL),
('E1-285', '00017120', 150, 'N', 'NORM-VTCEI-M2.5X16', 'VITE-TCEI-M2.5x16-DIN912-ISO4762-UNI5931-ZB-Acciaio8.8', NULL),
('E1-286', '00052275', 100, 'N', 'NORM-VTCEI-M2.5X18-IN', 'VITE-TCEI-M2.5x18-DIN912-ISO4762-UNI5931-Inox', NULL),
('E1-287', '00017122', 100, 'N', 'NORM-VTCEI-M2.5X20', 'VITE-TCEI-M2.5x20-DIN912-ISO4762-UNI5931-ZB-Acciaio8.8', NULL),
('E1-29', '00017201', 60, 'N', 'NORM-VTCEI-M8X50', 'VITE-TCEI-M8x50-DIN912-ISO4762-UNI5931-ZB-Acciaio8.8', NULL),
('E1-290', '00017397', 1000, 'N', 'NORM-DADO-M2.5', 'Dado-esagonale-M2.5-ZB-DIN934-ISO4032-UNI5588-Acciaio6', NULL),
('E1-291', '00017363', 1000, 'N', 'NORM-ROND-M2.5', 'Rondella-piana-media-M2.5-DIN9021-ISO7093-UNI6593-ZB-Acciaio140HV', NULL),
('E1-292', '00017228', 2000, 'N', 'NORM-VTS-M2.5X4', 'VITE-TS-M2.5x4-DIN965A-ISO7046-1-UNI7688-ZB-Acciaio4.8', NULL),
('E1-293', '00017229', 2000, 'N', 'NORM-VTS-M2.5X3', 'VITE-TS-M2.5x3-DIN965A-ISO7046-1-UNI7688-ZB-Acciaio4.8', NULL),
('E1-294', '00017227', 1000, 'N', 'NORM-VTS-M2.5X6', 'VITE-TS-M2.5x6-DIN965A-ISO7046-1-UNI7688-ZB-Acciaio4.8', NULL),
('E1-295', '00017226', 1000, 'N', 'NORM-VTS-M2.5X8', 'VITE-TS-M2.5x8-DIN965A-ISO7046-1-UNI7688-ZB-Acciaio4.8', NULL),
('E1-296', '00017232', 500, 'N', 'NORM-VTS-M2.5X10', 'VITE-TS-M2.5x10-DIN965A-ISO7046-1-UNI7688-ZB-Acciaio4.8', NULL),
('E1-297', '00017231', 500, 'N', 'NORM-VTS-M2.5X12', 'VITE-TS-M2.5x12-DIN965A-ISO7046-1-UNI7688-ZB-Acciaio4.8', NULL),
('E1-298', '00032749', 1000, 'N', 'NORM-VTB-M2.5X5', 'VITE-TB-M2.5x5-DIN7985A-ISO7045-UNI7687-ZB-Acciaio4.8', NULL),
('E1-299', '00036809', 1000, 'N', 'NORM-VTB-M2.5X6', 'VITE-TB-M2.5x6-DIN7985A-ISO7045-UNI7687-ZB-Acciaio4.8', NULL),
('E1-3', '00017255', 30, 'N', 'NORM-VTE-M8X25', 'VITE-TE-M8x25-DIN933-ISO4017-UNI5739-ZB-Acciaio8.8', NULL),
('E1-30', '00017202', 50, 'N', 'NORM-VTCEI-M8X60', 'VITE-TCEI-M8x60-DIN912-ISO4762-UNI5931-ZB-Acciaio8.8', NULL),
('E1-300', '00017349', 1000, 'N', 'NORM-VSTEI-M2.5X3', 'VITE-STEI-M2.5x3-DIN913-ISO4026-UNI5923-ZB-Acciaio45H', NULL),
('E1-301', '00023926', 1000, 'N', 'NORM-VSTEI-M2.5X4-IN', 'VITE-STEI-M2.5x4-DIN913-ISO4026-UNI5923-Inox', NULL),
('E1-303', '00045977', 1000, 'N', 'NORM-VTB-M2.5X4', 'VITE-TB-M2.5x4-DIN7985A-ISO7045-UNI7687-ZB-Acciaio4.8', NULL),
('E1-304', '00017347', 1000, 'N', 'NORM-VSTEI-M2.5X5', 'VITE-STEI-M2.5x5-DIN913-ISO4026-UNI5923-ZB-Acciaio45H', NULL),
('E1-306', '00017345', 1000, 'N', 'NORM-VSTEI-M2.5X8', 'VITE-STEI-M2.5x8-DIN913-ISO4026-UNI5923-ZB-Acciaio45H', NULL),
('E1-307', '00052231', 600, 'N', 'NORM-VSTEI-M2.5X12', 'VITE-STEI-M2.5x12-DIN913-ISO4026-UNI5923-ZB-Acciaio45H', NULL),
('E1-308', '00021974', 1000, 'N', 'NORM-VSTEI-M3X3', 'VITE-STEI-M3x3-DIN913-ISO4026-UNI5923-ZB-Acciaio45H', NULL),
('E1-31', '00017203', 30, 'N', 'NORM-VTCEI-M8X70', 'VITE-TCEI-M8x70-DIN912-ISO4762-UNI5931-ZB-Acciaio8.8', NULL),
('E1-312', '00017334', 500, 'N', 'NORM-VSTEI-M3X8', 'VITE-STEI-M3x8-DIN913-ISO4026-UNI5923-ZB-Acciaio45H', NULL),
('E1-313', '00017340', 500, 'N', 'NORM-VSTEI-M3X10', 'VITE-STEI-M3x10-DIN913-ISO4026-UNI5923-ZB-Acciaio45H', NULL),
('E1-314', '00017339', 500, 'N', 'NORM-VSTEI-M3X12', 'VITE-STEI-M3x12-DIN913-ISO4026-UNI5923-ZB-Acciaio45H', NULL),
('E1-315', '00052238', 0, 'N', 'NORM-VSTEI-M3X14', 'VITE-STEI-M3x14-DIN913-ISO4026-UNI5923-ZB-Acciaio45H', NULL),
('E1-316', '00017338', 250, 'N', 'NORM-VSTEI-M3X16', 'VITE-STEI-M3x16-DIN913-ISO4026-UNI5923-ZB-Acciaio45H', NULL),
('E1-317', '00017337', 200, 'N', 'NORM-VSTEI-M3X20', 'VITE-STEI-M3x20-DIN913-ISO4026-UNI5923-ZB-Acciaio45H', NULL),
('E1-318', '00017336', 200, 'N', 'NORM-VSTEI-M3X25', 'VITE-STEI-M3x25-DIN913-ISO4026-UNI5923-ZB-Acciaio45H', NULL),
('E1-32', '00017204', 30, 'N', 'NORM-VTCEI-M8X80', 'VITE-TCEI-M8x80-DIN912-ISO4762-UNI5931-ZB-Acciaio8.8', NULL),
('E1-323', '00052342', 500, 'N', 'NORM-VFTBR-M3X4-TX', 'VITE-FTBR-M3x4-ISO7380-1-BN6404-ZB-Torx', NULL),
('E1-324', '00052343', 500, 'N', 'NORM-VFTBR-M3X5-TX', 'VITE-FTBR-M3x5-ISO7380-1-BN6404-ZB-Torx', NULL),
('E1-326', '00021970', 500, 'N', 'NORM-VFTBR-M3X8-TX', 'VITE-FTBR-M3x8-ISO7380-1-BN6404-ZB-Torx', NULL),
('E1-327', '00052337', 300, 'N', 'NORM-VFTBR-M3X10-TX', 'VITE-FTBR-M3x10-ISO7380-1-BN6404-ZB-Torx', NULL),
('E1-328', '00052338', 200, 'N', 'NORM-VFTBR-M3X12-TX', 'VITE-FTBR-M3x12-ISO7380-1-BN6404-ZB-Torx', NULL),
('E1-329', '00052340', 200, 'N', 'NORM-VFTBR-M3X16-TX', 'VITE-FTBR-M3x16-ISO7380-1-BN6404-ZB-Torx', NULL),
('E1-33', '00049059', 30, 'N', 'NORM-VTCEI-M8X90', 'VITE-TCEI-M8x90-DIN912-ISO4762-UNI5931-ZB-Acciaio8.8', NULL),
('E1-330', '00017477', 300, 'N', 'NORM-SPINA-1X6', 'Spina Cilindrica Diam.1 Lungh.6mm - DIN 6325 - ISO 8734', NULL),
('E1-331', '00017476', 300, 'N', 'NORM-SPINA-1X8', 'Spina Cilindrica Diam.1 Lungh.8mm - DIN 6325 - ISO 8734', NULL),
('E1-332', '00017478', 300, 'N', 'NORM-SPINA-1X10', 'Spina Cilindrica Diam.1 Lungh.10mm - DIN 6325 - ISO 8734', NULL),
('E1-333', '00017472', 400, 'N', 'NORM-SPINA-1.5X6', 'Spina Cilindrica Diam.1.5 Lungh.6mm - DIN 6325 - ISO 8734', NULL),
('E1-334', '00017471', 400, 'N', 'NORM-SPINA-1.5X8', 'Spina Cilindrica Diam.1.5 Lungh.8mm - DIN 6325 - ISO 8734', NULL),
('E1-335', '00017475', 400, 'N', 'NORM-SPINA-1.5X10', 'Spina Cilindrica Diam.1.5 Lungh.10mm - DIN 6325 - ISO 8734', NULL),
('E1-336', '00017474', 400, 'N', 'NORM-SPINA-1.5X12', 'Spina Cilindrica Diam.1.5 Lungh.12mm - DIN 6325 - ISO 8734', NULL),
('E1-339', '00017400', 200, 'N', 'NORM-DADO-M1', 'Dado-esagonale-M1-ZB-DIN934-ISO4032-UNI5588-Acciaio6', NULL),
('E1-34', '00067216', 30, 'N', 'Norm-VTCEI-M8x100', 'VITE-TCEI-M8x100-DIN912-ISO4762-UNI5931-ZB-Acciaio8.8', NULL),
('E1-341', '00030980', 300, 'N', 'NORM-VTCEI-M1.6X3-IN', 'VITE-TCEI-M1.6x3-DIN912-ISO4762-UNI5931-Inox', NULL),
('E1-342', '00040975', 300, 'N', 'NORM-VTCEI-M1.6X4-IN', 'VITE-TCEI-M1.6x4-DIN912-ISO4762-UNI5931-Inox', NULL),
('E1-343', '00040382', 300, 'N', 'NORM-VTCEI-M1.6X5-IN', 'VITE-TCEI-M1.6x5-DIN912-ISO4762-UNI5931-Inox', NULL),
('E1-344', '00021991', 300, 'N', 'NORM-VTCEI-M1.6X6-IN', 'VITE-TCEI-M1.6x6-DIN912-ISO4762-UNI5931-Inox', NULL),
('E1-345', '00038044', 300, 'N', 'NORM-VTCEI-M1.6X8-IN', 'VITE-TCEI-M1.6x8-DIN912-ISO4762-UNI5931-Inox', NULL),
('E1-346', '00049038', 300, 'N', 'NORM-VTCEI-M1.6X10-IN', 'VITE-TCEI-M1.6x10-DIN912-ISO4762-UNI5931-Inox', NULL),
('E1-347', '00017401', 1000, 'N', 'NORM-DADO-M1.6', 'Dado-esagonale-M1.6-ZB-DIN934-ISO4032-UNI5588-Acciaio6', NULL),
('E1-348', '00059372', 800, 'N', 'NORM-VTSTC-M1.6X4-IN', 'Vite TS taglio cacciavite-M1.6x4-DIN936A-ISO2009-UNI6109-Inox', NULL),
('E1-35', '00017391', 200, 'N', 'NORM-DADO-M8', 'Dado-esagonale-M8-ZB-DIN934-ISO4032-UNI5588-8', NULL),
('E1-354', '00017128', 600, 'N', 'NORM-VTCEI-M2X4', 'VITE-TCEI-M2x4-DIN912-ISO4762-UNI5931-ZB-Acciaio8.8', NULL),
('E1-355', '00024807', 600, 'N', 'NORM-VTCEI-M2X5-IN', 'VITE-TCEI-M2x5-DIN912-ISO4762-UNI5931-Inox', NULL),
('E1-356', '00017130', 600, 'N', 'NORM-VTCEI-M2X6', 'VITE-TCEI-M2x6-DIN912-ISO4762-UNI5931-ZB-Acciaio8.8', NULL),
('E1-357', '00017131', 500, 'N', 'NORM-VTCEI-M2X8', 'VITE-TCEI-M2x8-DIN912-ISO4762-UNI5931-ZB-Acciaio8.8', NULL),
('E1-358', '00017127', 500, 'N', 'NORM-VTCEI-M2X10', 'VITE-TCEI-M2x10-DIN912-ISO4762-UNI5931-ZB-Acciaio8.8', NULL),
('E1-359', '00049039', 500, 'N', 'NORM-VTCEI-M2X12', 'VITE-TCEI-M2x12-DIN912-ISO4762-UNI5931-ZB-Acciaio8.8', NULL),
('E1-36', '00052451', 200, 'N', 'NORM-DADO-M8-RIB', 'Dado-esagonale ribassato-M8-ZB-DIN439B-ISO4035-UNI5589-BN124-Acciaio04', NULL),
('E1-361', '00049040', 400, 'N', 'NORM-VTCEI-M2X16', 'VITE-TCEI-M2x16-DIN912-ISO4762-UNI5931-ZB-Acciaio8.8', NULL),
('E1-362', '00034225', 300, 'N', 'NORM-VTCEI-M2X20-IN', 'VITE-TCEI-M2x20-DIN912-ISO4762-UNI5931-Inox', NULL),
('E1-363', '00033344', 600, 'N', 'NORM-VTB-M2X4', 'VITE-TB-M2x4-DIN7985A-ISO7045-UNI7687-ZB-Acciaio4.8', NULL),
('E1-364', '00033544', 600, 'N', 'NORM-VTB-M2X5', 'VITE-TB-M2x5-DIN7985A-ISO7045-UNI7687-ZB-Acciaio4.8', NULL),
('E1-365', '00046496', 500, 'N', 'NORM-VTB-M2X6', 'VITE-TB-M2x6-DIN7985A-ISO7045-UNI7687-ZB-Acciaio4.8', NULL),
('E1-366', '00029224', 300, 'N', 'NORM-VTB-M2X8', 'VITE-TB-M2x8-DIN7985A-ISO7045-UNI7687-ZB-Acciaio4.8', NULL),
('E1-367', '00017222', 500, 'N', 'NORM-VTS-M2X4', 'VITE-TS-M2x4-DIN965A-ISO7046-1-UNI7688-ZB-Acciaio4.8', NULL),
('E1-368', '00017221', 500, 'N', 'NORM-VTS-M2X5', 'VITE-TS-M2x5-DIN965A-ISO7046-1-UNI7688-ZB-Acciaio4.8', NULL),
('E1-369', '00017220', 500, 'N', 'NORM-VTS-M2X6', 'VITE-TS-M2x6-DIN965A-ISO7046-1-UNI7688-ZB-Acciaio4.8', NULL),
('E1-37', '00017386', 100, 'N', 'NORM-DADO-M8-AUT', 'Dado-esagonale-M8-autofrenante-anello-poliammide-DIN985-UNI7474-ZB-Acciaio6', NULL),
('E1-370', '00017219', 500, 'N', 'NORM-VTS-M2X8', 'VITE-TS-M2x8-DIN965A-ISO7046-1-UNI7688-ZB-Acciaio4.8', NULL),
('E1-371', '00017225', 400, 'N', 'NORM-VTS-M2X10', 'VITE-TS-M2x10-DIN965A-ISO7046-1-UNI7688-ZB-Acciaio4.8', NULL),
('E1-373', '00024926', 600, 'N', 'NORM-VSTEI-M2X3-IN', 'VITE-STEI-M2x3-DIN913-ISO4026-UNI5923-Inox', NULL),
('E1-374', '00017342', 600, 'N', 'NORM-VSTEI-M2X4', 'VITE-STEI-M2x4-DIN913-ISO4026-UNI5923-ZB-Acciaio45H', NULL),
('E1-375', '00052236', 600, 'N', 'NORM-VSTEI-M2X8-IN', 'VITE-STEI-M2x8-DIN913-ISO4026-UNI5923-Inox', NULL),
('E1-377', '00017396', 1000, 'N', 'NORM-DADO-M2', 'Dado-esagonale-M2-ZB-DIN934-ISO4032-UNI5588-Acciaio6', NULL),
('E1-378', '00053702', 1000, 'N', 'NORM-ROND-M2.3', 'Rondella-piana-media-M2.3-DIN9021-ISO7093-UNI6593-ZB-Acciaio140HV', NULL),
('E1-379', '00024976', 1000, 'N', 'RONDELLA-M2', 'Rondella-Piana-M2-DIN125A-ISO7089-UNI6592-ZB-Acciaio140HV', NULL),
('E1-38', '00052412', 200, 'N', 'SCHNORR-420-400', 'Rondella di sicurezza zigrinata-tipo S-per vite M8-Ø8.4xØ13x0.7-H libera 1.4-acciaio per molle', NULL),
('E1-380', '00017464', 1000, 'N', 'NORM-SPINA-2X5', 'Spina Cilindrica Diam.2 Lungh.5mm - DIN 6325 - ISO 8734', NULL),
('E1-381', '00017463', 1000, 'N', 'NORM-SPINA-2X6', 'Spina Cilindrica Diam.2 Lungh.6mm - DIN 6325 - ISO 8734', NULL),
('E1-382', '00017462', 1000, 'N', 'NORM-SPINA-2X8', 'Spina Cilindrica Diam.2 Lungh.8mm - DIN 6325 - ISO 8734', NULL),
('E1-383', '00017466', 1000, 'N', 'NORM-SPINA-2X10', 'Spina Cilindrica Diam.2 Lungh.10mm - DIN 6325 - ISO 8734', NULL),
('E1-384', '00017465', 600, 'N', 'NORM-SPINA-2X12', 'Spina Cilindrica Diam.2 Lungh.12mm - DIN 6325 - ISO 8734', NULL),
('E1-385', '00044886', 600, 'N', 'NORM-SPINA-2X16', 'Spina Cilindrica Diam.2 Lungh.16mm-DIN 6325-ISO 8734', NULL),
('E1-388', '00017460', 600, 'N', 'NORM-SPINA-2.5X6', 'Spina Cilindrica Diam.2.5 Lungh.6mm - DIN 6325 - ISO 8734', NULL),
('E1-389', '00017459', 600, 'N', 'NORM-SPINA-2.5X8', 'Spina Cilindrica Diam.2.5 Lungh.8mm - DIN 6325 - ISO 8734', NULL),
('E1-39', '00024751', 300, 'N', 'NORM-ROND-M8-D30', 'Rondella-Fascia-Larga-M8-D30-BN732-ZB-Acciaio140HV', NULL),
('E1-390', '00017461', 600, 'N', 'NORM-SPINA-2.5X10', 'Spina Cilindrica Diam.2.5 Lungh.10mm - DIN 6325 - ISO 8734', NULL),
('E1-391', '00023608', 500, 'N', 'NORM-SPINA-2.5X20', 'Spina Cilindrica Diam.2.5 Lungh.20mm - DIN 6325 - ISO 8734', NULL),
('E1-392', '00017450', 600, 'N', 'NORM-SPINA-3X6', 'Spina Cilindrica Diam.3 Lungh.6mm - DIN 6325 - ISO 8734', NULL),
('E1-393', '00017449', 600, 'N', 'NORM-SPINA-3X8', 'Spina Cilindrica Diam.3 Lungh.8mm - DIN 6325 - ISO 8734', NULL),
('E1-394', '00017458', 400, 'N', 'NORM-SPINA-3X10', 'Spina Cilindrica Diam.3 Lungh.10mm - DIN 6325 - ISO 8734', NULL),
('E1-395', '00017457', 400, 'N', 'NORM-SPINA-3X12', 'Spina Cilindrica Diam.3 Lungh.12mm - DIN 6325 - ISO 8734', NULL),
('E1-396', '00017456', 300, 'N', 'NORM-SPINA-3X14', 'Spina Cilindrica Diam.3Lungh.14mm - DIN 6325 - ISO 8734', NULL),
('E1-397', '00017455', 300, 'N', 'NORM-SPINA-3X16', 'Spina Cilindrica Diam.3Lungh.16mm - DIN 6325 - ISO 8734', NULL),
('E1-398', '00017454', 300, 'N', 'NORM-SPINA-3X18', 'Spina Cilindrica Diam.3 Lungh.18mm - DIN 6325 - ISO 8734', NULL),
('E1-399', '00017453', 300, 'N', 'NORM-SPINA-3X20', 'Spina Cilindrica Diam.3 Lungh.20mm - DIN 6325 - ISO 8734', NULL),
('E1-4', '00017254', 30, 'N', 'NORM-VTE-M8X30', 'VITE-TE-M8x30-DIN933-ISO4017-UNI5739-ZB-Acciaio8.8', NULL),
('E1-400', '00017452', 300, 'N', 'NORM-SPINA-3X24', 'Spina Cilindrica Diam.3 Lungh.24mm - DIN 6325 - ISO 8734', NULL),
('E1-401', '00017451', 200, 'N', 'NORM-SPINA-3X30', 'Spina Cilindrica Diam.3 Lungh.30mm - DIN 6325 - ISO 8734', NULL),
('E1-402', '00017440', 300, 'N', 'NORM-SPINA-4X8', 'Spina Cilindrica Diam.4 Lungh.8mm - DIN 6325 - ISO 8734', NULL),
('E1-403', '00017448', 300, 'N', 'NORM-SPINA-4X10', 'Spina Cilindrica Diam.4 Lungh.10mm - DIN 6325 - ISO 8734', NULL),
('E1-404', '00017447', 200, 'N', 'NORM-SPINA-4X12', 'Spina Cilindrica Diam.4 Lungh.12mm -  DIN 6325 - ISO 8734', NULL),
('E1-405', '00017446', 200, 'N', 'NORM-SPINA-4X14', 'Spina Cilindrica Diam.4 Lungh.14mm - DIN 6325 - ISO 8734', NULL),
('E1-406', '00017445', 200, 'N', 'NORM-SPINA-4X16', 'Spina Cilindrica Diam.4 Lungh.16mm - DIN 6325 - ISO 8734', NULL),
('E1-407', '00017444', 200, 'N', 'NORM-SPINA-4X18', 'Spina Cilindrica Diam.4 Lungh.18mm - DIN 6325 - ISO 8734', NULL),
('E1-408', '00017443', 200, 'N', 'NORM-SPINA-4X20', 'Spina Cilindrica Diam.4 Lungh.20mm - DIN 6325 - ISO 8734', NULL),
('E1-409', '00017442', 200, 'N', 'NORM-SPINA-4X24', 'Spina Cilindrica Diam.4 Lungh.24mm - DIN 6325 - ISO 8734', NULL),
('E1-410', '00017441', 200, 'N', 'NORM-SPINA-4X30', 'Spina Cilindrica Diam.4 Lungh.30mm - DIN 6325 - ISO 8734', NULL),
('E1-411', '00018900', 200, 'N', 'NORM-SPINA-4X40', 'Spina Cilindrica Diam.4 Lungh.40mm - DIN6325-ISO8734', NULL),
('E1-412', '00017439', 200, 'N', 'NORM-SPINA-5X10', 'Spina Cilindrica Diam.5 Lungh.10mm - DIN 6325 - ISO 8734', NULL),
('E1-413', '00017438', 100, 'N', 'NORM-SPINA-5X12', 'Spina Cilindrica Diam.5 Lungh.12mm - DIN 6325 - ISO 8734', NULL),
('E1-414', '00017437', 100, 'N', 'NORM-SPINA-5X14', 'Spina Cilindrica Diam.5 Lungh.14mm - DIN 6325 - ISO 8734', NULL),
('E1-415', '00017436', 100, 'N', 'NORM-SPINA-5X16', 'Spina Cilindrica Diam.5 Lungh.16mm - DIN 6325 - ISO 8734', NULL),
('E1-416', '00017435', 100, 'N', 'NORM-SPINA-5X18', 'Spina Cilindrica Diam.5 Lungh.18mm - DIN 6325 - ISO 8734', NULL),
('E1-417', '00017434', 80, 'N', 'NORM-SPINA-5X20', 'Spina Cilindrica Diam.5 Lungh.20mm - DIN 6325 - ISO 8734', NULL),
('E1-418', '00017433', 60, 'N', 'NORM-SPINA-5X24', 'Spina Cilindrica Diam.5 Lungh.24mm - DIN 6325 - ISO 8734', NULL),
('E1-419', '00017432', 60, 'N', 'NORM-SPINA-5X30', 'Spina Cilindrica Diam.5 Lungh.30mm - DIN 6325 - ISO 8734', NULL),
('E1-42', '00017284', 50, 'N', 'NORM-VTBEI-M8X16', 'VITE-TBEI-M8x16-ISO7380-ZB-Acciaio8.8', NULL),
('E1-420', '00017431', 50, 'N', 'NORM-SPINA-5X35', 'Spina Cilindrica Diam.5 Lungh.35mm - DIN 6325 - ISO 8734', NULL),
('E1-423', '00017430', 100, 'N', 'NORM-SPINA-6X10', 'Spina Cilindrica Diam.6 Lungh.10mm - DIN 6325 - ISO 8734', NULL),
('E1-424', '00017429', 100, 'N', 'NORM-SPINA-6X12', 'Spina Cilindrica Diam.6 Lungh.12mm - DIN 6325 - ISO 8734', NULL),
('E1-425', '00017428', 100, 'N', 'NORM-SPINA-6X14', 'Spina Cilindrica Diam.6 Lungh.14mm - DIN 6325 - ISO 8734', NULL),
('E1-426', '00017427', 100, 'N', 'NORM-SPINA-6X16', 'Spina Cilindrica Diam.6 Lungh.16mm - DIN 6325 - ISO 8734', NULL),
('E1-427', '00017426', 80, 'N', 'NORM-SPINA-6X18', 'Spina Cilindrica Diam.6 Lungh.18mm - DIN 6325 - ISO 8734', NULL),
('E1-428', '00017425', 80, 'N', 'NORM-SPINA-6X20', 'Spina Cilindrica Diam.6 Lungh.20mm - DIN 6325 - ISO 8734', NULL),
('E1-429', '00017424', 80, 'N', 'NORM-SPINA-6X24', 'Spina Cilindrica Diam.6 Lungh.24mm - DIN 6325 - ISO 8734', NULL),
('E1-43', '00017283', 50, 'N', 'NORM-VTBEI-M8X20', 'VITE-TBEI-M8x20-ISO7380-ZB-Acciaio8.8', NULL),
('E1-430', '00017423', 80, 'N', 'NORM-SPINA-6X30', 'Spina Cilindrica Diam.6 Lungh.30mm - DIN 6325 - ISO 8734', NULL),
('E1-431', '00017422', 50, 'N', 'NORM-SPINA-6X35', 'Spina Cilindrica Diam.6 Lungh.35mm - DIN 6325 - ISO 8734', NULL),
('E1-433', '00017421', 50, 'N', 'NORM-SPINA-8X16', 'Spina Cilindrica Diam.8 Lungh.16mm - DIN 6325 - ISO 8734', NULL),
('E1-435', '00017420', 40, 'N', 'NORM-SPINA-8X20', 'Spina Cilindrica Diam.8 Lungh.20mm - DIN 6325 - ISO 8734', NULL),
('E1-436', '00017419', 40, 'N', 'NORM-SPINA-8X24', 'Spina Cilindrica Diam.8 Lungh.24mm - DIN 6325 - ISO 8734', NULL),
('E1-437', '00017418', 40, 'N', 'NORM-SPINA-8X30', 'Spina Cilindrica Diam.8 Lungh.30mm - DIN 6325 - ISO 8734', NULL),
('E1-438', '00024934', 30, 'N', 'NORM-SPINA-8X35', 'Spina Cilindrica Diam.8 Lungh.35mm - DIN 6325 - ISO 8734', NULL),
('E1-439', '00017416', 30, 'N', 'NORM-SPINA-8X40', 'Spina Cilindrica Diam.8 Lungh.40mm - DIN 6325 - ISO 8734', NULL),
('E1-44', '00017282', 50, 'N', 'NORM-VTBEI-M8X25', 'VITE-TBEI-M8x25-ISO7380-ZB-Acciaio8.8', NULL),
('E1-440', '00041725', 40, 'N', 'FESTO-175611', 'UC-QS-8H Silenziatore-attacco pne QS8-corpo Ø13.8-lung 54.4-press 0/10 bar-rumor 60 dB-manicotto ad innesto', NULL),
('E1-441', '00006598', 60, 'N', 'FESTO-161418', 'UC-M7 Silenziatore-filetto maschio M7-corpo Ø9.8-lungh 30.7-pressione 0/10 bar-rumorosità 58 dB-plastica', NULL),
('E1-442', '00041723', 60, 'N', 'FESTO-165007 ', 'UC-QS-6H Silenziatore-attacco pne QS6-corpo Ø9.8-lung 41.3-pres 0/10 bar-rumor 60 dB-manicotto ad innesto-stella rapida-plastica', NULL),
('E1-443', '00041722', 70, 'N', 'FESTO-165006', 'UC-QS-4H Silenziatore-attacco pne QS4-corpo Ø7.8-lung 31-pres 0/10 bar-rumor 60 dB-manicotto ad innesto-stella rapida-plastica', NULL),
('E1-444', '00041721', 60, 'N', 'FESTO-165005', 'UC-QS-3H Silenziatore-attacco pne QS3-corpo Ø7.8-lung 29.1-pres 0/10 bar-rumor 60 dB-manicotto ad innesto-stella rapida-plastica', NULL),
('E1-448', '00008905', 15, 'N', 'SMC-AN30-03', 'Silenziatore compatto-filetto maschio R3/8-corpo Ø20-lungh 58.5-Ch 17-pressione max 1 MPa-rumorosità 30 dB-resina', NULL),
('E1-449', '00008756', 50, 'N', 'SMC-AN20-02', 'Silenziatore compatto-filetto maschio R1/4-corpo Ø16.5-lungh 45-Ch 14-pressione max 1 MPa-rumorosità 30 dB-resina', NULL),
('E1-45', '00005084', 50, 'N', 'NORM-VTBEI-M8X30', 'VITE-TBEI-M8x30-ISO7380-ZB-Acciaio8.8', NULL),
('E1-450', '00006654', 10, 'N', 'FESTO-530031', 'HGL-1/4-B Valvola unidirezionale sbloccabile-fil masch G1/4-filetto femm G1/4-servopilotaggio fil femm G1/8-anello di tenuta OL', NULL),
('E1-451', '00006521', 15, 'N', 'FESTO-530030', 'HGL-1/8-B Valvola unidirezionale sbloccabile-fil masch G1/8-filetto femm G1/8-servopilotaggio fil femm M5-anello di tenuta OL', NULL),
('E1-452', '00027983', 15, 'N', 'FESTO-530029', 'HGL-M5-B Valvola unidirezionale sbloccabile-fil masch M5-filetto femm M5-servopilotaggio fil femm M5-anello di tenuta OL', NULL),
('E1-453', '00008545', 100, 'N', 'SMC-AN120-M3', 'Silenziatore-filetto maschio M3-corpo Ø6-lungh 9-pressione max 1 MPa-rumorosità 13 dB-BC sinterizzato', NULL),
('E1-454', '00041549', 40, 'N', 'AVENTICS-8140000700', 'Silenziatore-filetto maschio M7-corpo conico-lungh 15-pressione max 10 bar-ottone/bronzo sintetizzato', NULL),
('E1-455', '00007690', 60, 'N', 'MW-W0970530012', 'Silenziatore-filetto maschio G1/8-corpo conico Ø12-lungh 21-ch 7-pressione max 12 bar-ottone/bronzo nichelato-SCQ', NULL),
('E1-456', '00017469', 30, 'N', 'NORM-SPINA-10X24', 'Spina Cilindrica Diam.10 Lungh.24mm - DIN 6325 - ISO 8734', NULL),
('E1-457', '00007856', 60, 'N', 'SMC-AN120-M5', 'Silenziatore-filetto maschio M5-corpo Ø8-lungh 15.5-pressione max 1 MPa-rumorosità 18 dB-BC sinterizzato', NULL),
('E1-458', '00012534', 50, 'N', 'AVENTICS-1827000031', 'Silenziatore-filetto maschio G1/8-testa esagono 13-lungh 11.5-pressione 0/10 bar-portata 700 l/min-rumorosità 85 dB-ottone/bronz', NULL),
('E1-459', '00012333', 100, 'N', 'AVENTICS-1827000032', 'Silenziatore-filetto maschio M5-testa esagono 7-lungh 10.3-pressione 0/10 bar-portata 252 l/min-rumorosità 79 dB-ottone/bronzo', NULL),
('E1-46', '00017243', 300, 'N', 'NORM-VTSEI-M6X10', 'VITE-TSEI-M6x10-DIN7991-ISO10642-UNI5933-ZB-Acciaio8.8', NULL),
('E1-460', '00018557', 30, 'N', 'AVENTICS-1827000033', 'Silenziatore-filetto maschio G1/4-testa esagono 17-lungh 13.5-pressione 0/10 bar-portata 1116 l/min-rumorosità 90 dB-ottone/bron', NULL),
('E1-461', '00016877', 20, 'N', 'AVENTICS-1827000034', 'Silenziatore-filetto maschio G3/8-testa esagono 22-lungh 17.5-pressione 0/10 bar-portata 1706 l/min-rumorosità 90 dB-ottone/bron', NULL),
('E1-462', '00006406', 100, 'N', 'FESTO-30979', 'B-M3-S9 Tappo con anello di tenuta NBR-filetto maschio M3x2.8-testa esagono 4.5 con intaglio-DIN 908-inox', NULL),
('E1-463', '00012369', 100, 'N', 'MW-2107000', 'Tappo con anello di tenuta NBR-filetto maschio M5x4-testa Ø8 con esagono incassato ch 2.5-ottone-Rif A7', NULL),
('E1-464', '00018599', 100, 'N', 'MW-2107005', 'Tappo con anello di tenuta NBR-filetto maschio M7x5-testa Ø10 con esagono incassato ch 3-ottone-Rif A7', NULL),
('E1-465', '00012425', 70, 'N', 'MW-2107001', 'Tappo con anello di tenuta NBR-filetto maschio G1/8x7-testa Ø15 con esagono incassato ch 3-ottone-Rif A7', NULL),
('E1-466', '00012271', 70, 'N', 'MW-2107002', 'Tappo con anello di tenuta NBR-filetto maschio G1/4x8-testa Ø18 con esagono incassato ch 6-ottone-Rif A7', NULL),
('E1-467', '00018598', 70, 'N', 'MW-2107003', 'Tappo con anello di tenuta NBR-filetto maschio G3/8x9-testa Ø21 con esagono incassato ch 8-ottone-Rif A7', NULL),
('E1-468', '00018597', 20, 'N', 'MW-2107004', 'Tappo con anello di tenuta NBR-filetto maschio G1/2x11-testa Ø26 con esagono incassato ch 10-ottone-Rif A7', NULL),
('E1-469', '00043472', 80, 'N', 'MW-2103001', 'Raccordo diritto-filetti femmina G1/8-G1/8-ottone-Rif A3', NULL),
('E1-47', '00017242', 200, 'N', 'NORM-VTSEI-M6X12', 'VITE-TSEI-M6x12-DIN7991-ISO10642-UNI5933-ZB-Acciaio8.8', NULL),
('E1-470', '00043471', 40, 'N', 'MW-2103002', 'Raccordo diritto-filetti femmina G1/4-G1/4-ottone-Rif A3', NULL),
('E1-471', '00043473', 30, 'N', 'MW-2103003', 'Raccordo diritto-filetti femmina G3/8-G3/8-ottone-Rif A3', NULL),
('E1-472', '00012260', 10, 'N', 'MW-2103004', 'Raccordo diritto-filetti femmina G1/2-G1/2-ottone-Rif A3', NULL),
('E1-473', '00008015', 20, 'N', 'LEGRIS-9214-21-10', 'Raccordo diritto-innesto istantaneo-tubo Øe5-filetto femmina G1/8-ottone nichelato', NULL),
('E1-474', '00008013', 20, 'N', 'LEGRIS-9201-21-10', 'Raccordo diritto-innesto istantaneo-tubo Øe21-filetto maschio G1/8-ottone nichelato', NULL),
('E1-475', '00043476', 20, 'N', 'MW-2104001', 'Raccordo diritto-riduzione conica-filetto maschio R1/4-filetto femmina G1/8-ottone-Rif A4', NULL),
('E1-476', '00007936', 20, 'N', 'MW-2104003', 'Raccordo diritto-riduzione conica-filetto maschio R3/8-filetto femmina G1/4-ottone-Rif A4', NULL),
('E1-477', '00007935', 20, 'N', 'MW-2104005', 'Raccordo diritto-riduzione conica-filetto maschio R1/2-filetto femmina G3/8-ottone-Rif A4', NULL),
('E1-478', '00012274', 20, 'N', 'MW-2104004', 'Raccordo diritto-riduzione conica-filetto maschio R1/2-filetto femmina G1/4-ottone-Rif A4', NULL),
('E1-479', '00041395', 60, 'N', 'CAMOZZI-5350-1/8', 'Raccordo diritto-mini-calzamento a resca-filetto femmina G1/8-ottone nichelato', NULL),
('E1-48', '00017241', 150, 'N', 'NORM-VTSEI-M6X16', 'VITE-TSEI-M6x16-DIN7991-ISO10642-UNI5933-ZB-Acciaio8.8', NULL),
('E1-480', '00041396', 30, 'N', 'CAMOZZI-5350-1/4', 'Raccordo diritto-mini-calzamento a resca-filetto femmina G1/4-ottone nichelato', NULL),
('E1-481', '00008019', 40, 'N', 'LEGRIS-9286-21-10', 'Raccordo diritto-calzamento a resca tubo Ø5-filetto femmina G1/8-ottone nichelato/NBR', NULL),
('E1-482', '00008027', 20, 'N', 'LEGRIS-9287-21-10', 'Raccordo diritto-calzamento a resca tubo Ø5-filetto maschio G1/8-ottone nichelato', NULL),
('E1-483', '00028654', 50, 'N', 'FESTO-531658', 'KS2-M5-A Connettore maschio-per raccordi autobloccanti-port 126 l/min-att pneum filetto maschio M5', NULL),
('E1-484', '00029356', 20, 'N', 'CAMOZZI-2531-1/8-M5', 'Raccordo diritto-riduzione-filetto maschio G1/8-filetto femmina M5-ottone nichelato', NULL),
('E1-485', '00012587', 50, 'N', 'FESTO-531660', 'KS2-M5-I Connettore maschio-per raccordi autobloccanti-port 135 l/min-att pneum filetto femmina M5', NULL),
('E1-486', '00012636', 20, 'N', 'FESTO-3560', 'QM-M5-M5 Manicotto-Ch 7-lung 12-filetto femmina M5', NULL),
('E1-487', '00016849', 10, 'N', 'FESTO-4087', 'KD2-M5-A Giunto femmina-tubo Ø2.4-filetto maschio M5', NULL),
('E1-488', '00008491', 30, 'N', 'SMC-M-5J', 'Prolunga per raccordi miniaturizzati-filetto maschio M5-filetto femmina M5-lungh 13-inox', NULL),
('E1-489', '00041821', 60, 'N', 'FESTO-8069239', 'NPFC-H-M5-F Raccordo diritto-passaparete-filetto maschio M10x1-filetto femmina M5-ottone nichelato', NULL),
('E1-49', '00017240', 100, 'N', 'NORM-VTSEI-M6X20', 'VITE-TSEI-M6x20-DIN7991-ISO10642-UNI5933-ZB-Acciaio8.8', NULL),
('E1-490', '00031610', 60, 'N', 'FESTO-8069240', 'NPFC-H-G18-F Raccordo diritto-passaparete-filetto maschio M14x1.5-filetto femmina G1/8-ottone nichelato', NULL),
('E1-491', '00012276', 10, 'N', 'FESTO-9971', 'SCM-1/4 Raccordo diritto-passaparete-filetto maschio M20x1.5-filetto femmina G1/4-alluminio anodizzato', NULL),
('E1-492', '00006363', 10, 'N', 'FESTO-9972', 'SCM-3/8 Raccordo diritto-passaparete-filetto maschio M24x1.5-filetto femmina G3/8-alluminio anodizzato', NULL),
('E1-493', '00008586', 100, 'N', 'SMC-M-3UT', 'Raccordo a T-mini-orientabile-filetto maschio M3-filetto femmina M3-M3-regolazione testa esagono 5 con intaglio-inox', NULL),
('E1-494', '00008717', 100, 'N', 'SMC-M-3UL', 'Raccordo a 90-mini-orientabile-filetto maschio M3-filetto femmina M3-regolazione testa esagono 5 con intaglio', NULL),
('E1-495', '00008533', 60, 'N', 'SMC-M-5UT', 'Raccordo a T-mini-orientabile-filetto maschio M5-filetto femmina M5-M5-regolazione testa esagono 7 con intaglio-inox', NULL),
('E1-496', '00028006', 70, 'N', 'SMC-M-5UL', 'Raccordo a 90-mini-orientabile-filetto maschio M5-filetto femmina M5-regolazione testa esagono 7 con intaglio-inox', NULL),
('E1-497', '00012423', 10, 'N', 'MW-2111001', 'Raccordo a T-filetti femmina G1/8-G1/8-G1/8-ottone-Rif A11', NULL),
('E1-498', '00018612', 20, 'N', 'MW-2112001', 'Raccordo a T-filetto maschio R1/8-filetto femmina G1/8-G1/8-ottone-Rif A12', NULL),
('E1-499', '00018606', 20, 'N', 'MW-2111002', 'Raccordo a T-filetti femmina G1/4-G1/4-G1/4-ottone-Rif A11', NULL),
('E1-5', '00017253', 30, 'N', 'NORM-VTE-M8X35', 'VITE-TE-M8x35-DIN933-ISO4017-UNI5739-ZB-Acciaio8.8', NULL),
('E1-50', '00017239', 100, 'N', 'NORM-VTSEI-M6X25', 'VITE-TSEI-M6x25-DIN7991-ISO10642-UNI5933-ZB-Acciaio8.8', NULL),
('E1-500', '00018609', 10, 'N', 'MW-2112002', 'Raccordo a T-filetto maschio R1/4-filetto femmina G1/4-G1/4-ottone-Rif A12', NULL),
('E1-501', '00015787', 10, 'N', 'MW-2113002', 'Raccordo a T-filetti femmina G1/4-G1/4-filetto maschio R1/4-rif A13', NULL),
('E1-502', '00033187', 10, 'N', 'MW-2113001', 'Raccordo a T-filetto maschio R1/8-filetto femmina G1/8-G1/8-ottone-Rif A13', NULL),
('E1-503', '00012254', 20, 'N', 'MW-2113004', 'Raccordo a T-filetto maschio R1/2-filetto femmina G1/2-G1/2-ottone-Rif A13', NULL),
('E1-504', '00019277', 30, 'N', 'MW-2109001', 'Raccordo a 90-filetti femmina G1/8-G1/8-ottone-Rif A9', NULL),
('E1-505', '00017683', 10, 'N', 'MW-2109002', 'Raccordo a 90-filetti femmina G1/4-G1/4-ottone-Rif A9', NULL),
('E1-506', '00017678', 10, 'N', 'MW-2109003', 'Raccordo a 90-filetti femmina G3/8-G3/8-ottone-Rif A9', NULL),
('E1-507', '00017685', 5, 'N', 'MW-2109004', 'Raccordo a 90-filetti femmina G1/2-G1/2-ottone-Rif A9', NULL),
('E1-508', '00017690', 30, 'N', 'MW-2110001', 'Raccordo a 90-filetto maschio R1/8-filetto femmina G1/8-ottone-Rif A10', NULL),
('E1-509', '00012202', 10, 'N', 'MW-2110003', 'Raccordo a 90-filetto maschio R3/8-filetto femmina G3/8-ottone-Rif A10', NULL),
('E1-51', '00005090', 100, 'N', 'NORM-VTSEI-M6X30', 'VITE-TSEI-M6x30-DIN7991-ISO10642-UNI5933-ZB-Acciaio8.8', NULL),
('E1-510', '00015763', 20, 'N', 'MW-2110002', 'Raccordo a 90-filetto maschio R1/4-filetto femmina G1/4-ottone-Rif A10', NULL),
('E1-511', '00017696', 5, 'N', 'MW-2110004', 'Raccordo a 90-filetto maschio R1/2-filetto femmina G1/2-ottone-Rif A10', NULL),
('E1-512', '00041393', 20, 'N', 'CAMOZZI-5055-8/6', 'Raccordo diritto-mini-passaparete-calzamento con ghiera tubo 8/6-innesto istantaneo-tubo 8/6-ottone nichelato', NULL),
('E1-513', '00043477', 5, 'N', 'MW-2152008', 'Raccordo diritto-maggiorazione-filetto maschio G1/2-filetto femmina G1/2-ottone-Rif A5/Z', NULL),
('E1-514', '00040248', 60, 'N', 'MW-2115001', 'Raccordo a 90-filetti maschio R1/8-R1/8-ottone-Rif A15', NULL),
('E1-515', '00034323', 15, 'N', 'MW-2115002', 'Raccordo a 90-filetti maschio R1/4-R1/4-ottone-Rif A15', NULL),
('E1-516', '00019275', 20, 'N', 'MW-2114001', 'Raccordo ad X-4 filetti femmina G1/8-ottone-Rif A14', NULL),
('E1-517', '00019276', 15, 'N', 'MW-2152003', 'Raccordo diritto-maggiorazione-filetto maschio G1/8-filetto femmina G1/4-ottone-Rif A5/Z', NULL),
('E1-518', '00043480', 20, 'N', 'MW-2152002', 'Raccordo diritto-maggiorazione-filetto maschio G1/8-filetto femmina G1/8-ottone-Rif A5/Z', NULL),
('E1-519', '00018230', 10, 'N', 'MW-2152004', 'Raccordo diritto-maggiorazione-filetto maschio G1/4-filetto femmina G1/4-ottone-Rif A5/Z', NULL),
('E1-52', '00004289', 70, 'N', 'NORM-VTSEI-M6X40', 'VITE-TSEI-M6x40-DIN7991-ISO10642-UNI5933-ZB-Acciaio8.8', NULL),
('E1-520', '00041389', 20, 'N', 'CAMOZZI-2525-1/8-16', 'Raccordo diritto-prolunga-filetto maschio G1/8-filetto femmina G1/8-lungh tot 22-ottone nichelato', NULL),
('E1-521', '00031103', 70, 'N', 'MW-2102001', 'Raccordo diritto-filetti maschio R1/8-R1/8-ottone-Rif A2', NULL),
('E1-522', '00040249', 50, 'N', 'MW-2102004', 'Raccordo diritto-filetti maschio R1/4-R1/4-ottone-Rif A2', NULL);
INSERT INTO `ubicazioni_articoli` (`COD_UBICAZIONE`, `COD_ARTICOLO`, `QUANTITA_PREVISTA`, `SEGNALAZIONE_ESAURIMENTO`, `DISEGNO`, `DESCRIZIONE`, `NOTE`) VALUES
('E1-523', '00043470', 40, 'N', 'MW-2102007', 'Raccordo diritto-filetti maschio R3/8-R3/8-ottone-Rif A2', NULL),
('E1-524', '00012258', 15, 'N', 'MW-2102009', 'Raccordo diritto-filetti maschio R1/2-R1/2-ottone-Rif A2', NULL),
('E1-525', '00043468', 20, 'N', 'MW-2102002', 'Raccordo diritto-riduzione conica-filetti maschio R1/8-R1/4-ottone-Rif A2', NULL),
('E1-526', '00009259', 20, 'N', 'SMC-KQ2T23-04A', 'Raccordo a T-intermedio di riduzione-innesto istantaneo bianco-tubo Øe3.2-tubo Øe3.2-tubo Øe4-PBT', NULL),
('E1-527', '00009204', 20, 'N', 'SMC-KQ2T06-04A', 'Raccordo a T-intermedio di riduzione-innesto istantaneo bianco-tubo Øe6-tubo Øe6-tubo Øe4-PBT', NULL),
('E1-528', '00009067', 20, 'N', 'SMC-KQ2T08-06A', 'Raccordo a T-intermedio di riduzione-innesto istantaneo bianco-tubo Øe8 tubo Øe8-tubo Øe6-PBT', NULL),
('E1-529', '00009214', 20, 'N', 'SMC-KQ2T10-08A', 'Raccordo a T-intermedio di riduzione-innesto istantaneo bianco-tubo Øe10-tubo Øe8-tubo Øe8-PBT', NULL),
('E1-53', '00040135', 200, 'N', 'NORM-VTE-M6X12', 'VITE-TE-M6x12-DIN933-ISO4017-UNI5739-ZB-Acciaio8.8', NULL),
('E1-530', '00018655', 10, 'N', 'SMC-KQ2T12-10A', 'Raccordo a T-intermedio di riduzione-innesto istantaneo bianco-tubo Øe12-tubo Øe12-tubo Øe10-PBT', NULL),
('E1-531', '00018646', 20, 'N', 'SMC-KQ2T06-08A', 'Raccordo a T-intermedio di riduzione-innesto istantaneo bianco-tubo Øe6-tubo Øe6-tubo Øe8-PBT', NULL),
('E1-532', '00009011', 20, 'N', 'SMC-KQ2U23-04A', 'Raccordo a Y-intermedio di riduzione-innesto istantaneo bianco-tubo Øe3.2-tubo Øe3.2-tubo Øe4-PBT', NULL),
('E1-533', '00009260', 40, 'N', 'SMC-KQ2H02-23A', 'Raccordo diritto-intermedio di riduzione-innesto istantaneo bianco-tubo Øe2-tubo Øe3.2-PBT', NULL),
('E1-534', '00009234', 50, 'N', 'SMC-KQ2U04-06A', 'Raccordo a Y-intermedio di riduzione-innesto istantaneo bianco-tubo Øe4-tubo Øe4-tubo Øe6-PBT', NULL),
('E1-535', '00007950', 20, 'N', 'SMC-KQ2U06-08A', 'Raccordo a Y-intermedio di riduzione-innesto istantaneo bianco-tubo Øe6-tubo Øe6-tubo Øe8-PBT', NULL),
('E1-536', '00009258', 20, 'N', 'SMC-KQ2U08-10A', 'Raccordo a Y-intermedio di riduzione-innesto istantaneo bianco-tubo Øe8-tubo Øe8-tubo Øe10-PBT', NULL),
('E1-537', '00009248', 60, 'N', 'SMC-KQ2L04-06A', 'Raccordo a 90-innesto istantaneo bianco-tubo Øe4-raccordo applicabile Ø6-PBT', NULL),
('E1-538', '00009249', 20, 'N', 'SMC-KQ2L06-08A', 'Raccordo a 90-innesto istantaneo bianco-tubo Øe6-raccordo applicabile Ø8-PBT', NULL),
('E1-54', '00017260', 150, 'N', 'NORM-VTE-M6X16', 'VITE-TE-M6x16-DIN933-ISO4017-UNI5739-ZB-Acciaio8.8', NULL),
('E1-540', '00009074', 30, 'N', 'SMC-KQ2H23-04A', 'Raccordo diritto-intermedio di riduzione-innesto istantaneo bianco-tubo Øe3.2-tubo Øe4-PBT', NULL),
('E1-541', '00018383', 20, 'N', 'SMC-KQ2R02-04A', 'Raccordo diritto-riduzione-innesto istantaneo bianco-tubo Øe2-raccordo applicabile Ø4-PBT', NULL),
('E1-542', '00009003', 60, 'N', 'SMC-KQ2H04-06A', 'Raccordo diritto-intermedio di riduzione-innesto istantaneo bianco-tubo Øe4-tubo Øe6-PBT', NULL),
('E1-543', '00009008', 40, 'N', 'SMC-KQ2H06-08A', 'Raccordo diritto-intermedio di riduzione-innesto istantaneo bianco-tubo Øe6-tubo Øe8-PBT', NULL),
('E1-544', '00009237', 20, 'N', 'SMC-KQ2H08-10A', 'Raccordo diritto-intermedio di riduzione-innesto istantaneo bianco-tubo Øe8-tubo Øe10-PBT', NULL),
('E1-545', '00009216', 20, 'N', 'SMC-KQ2H10-12A', 'Raccordo diritto-intermedio di riduzione-innesto istantaneo bianco-tubo Øe10-tubo Øe12-PBT', NULL),
('E1-546', '00018410', 40, 'N', 'SMC-KQ2R23-04A', 'Raccordo diritto-riduzione-innesto istantaneo bianco-tubo Øe3.2-raccordo applicabile Ø4-PBT', NULL),
('E1-547', '00009224', 20, 'N', 'SMC-KQ2R04-06A', 'Raccordo diritto-intermedio di riduzione-innesto istantaneo bianco-tubo Øe4-raccordo applicabile Ø6-PBT', NULL),
('E1-548', '00009251', 30, 'N', 'SMC-KQ2R06-04A', 'Raccordo diritto-riduzione-innesto istantaneo bianco-tubo Øe6-raccordo applicabile Ø4-PBT', NULL),
('E1-549', '00009039', 40, 'N', 'SMC-KQ2R06-08A', 'Raccordo diritto-riduzione-innesto istantaneo bianco-tubo Øe6-raccordo applicabile Ø8-PBT', NULL),
('E1-55', '00017259', 150, 'N', 'NORM-VTE-M6X20', 'VITE-TE-M6x20-DIN933-ISO4017-UNI5739-ZB-Acciaio8.8', NULL),
('E1-550', '00018397', 60, 'N', 'SMC-KQ2R04-08A', 'Raccordo diritto-intermedio di riduzione-innesto istantaneo bianco-tubo Øe4-raccordo applicabile Ø8-PBT', NULL),
('E1-551', '00009014', 50, 'N', 'SMC-KQ2R08-10A', 'Raccordo diritto-riduzione-innesto istantaneo bianco-tubo Øe8-raccordo applicabile Ø10-PBT', NULL),
('E1-553', '00018405', 30, 'N', 'SMC-KQ2R08-12A', 'Raccordo diritto-riduzione-innesto istantaneo bianco-tubo Øe8-raccordo applicabile Ø12-PBT', NULL),
('E1-554', '00009371', 20, 'N', 'SMC-KQ2R10-12A', 'Raccordo diritto-riduzione-innesto istantaneo bianco-tubo Øe10-raccordo applicabile Ø12-PBT', NULL),
('E1-555', '00008976', 20, 'N', 'SMC-KQ2H10-02AS', 'Raccordo diritto-innesto istantaneo-tubo Øe10-filetto maschio R1/4 con teflon-ottone', NULL),
('E1-556', '00008868', 40, 'N', 'SMC-KQ2H10-03AS', 'Raccordo diritto-innesto istantaneo-tubo Øe10-filetto maschio R3/8 con teflon-ottone', NULL),
('E1-557', '00018368', 30, 'N', 'SMC-KQ2H10-04AS', 'Raccordo diritto-innesto istantaneo-tubo Øe10-filetto maschio R1/2 con teflon-ottone', NULL),
('E1-558', '00009005', 20, 'N', 'SMC-KQ2L10-01AS', 'Raccordo a 90-innesto istantaneo bianco-tubo Øe10-filetto maschio G1/8 con teflon-ottone', NULL),
('E1-559', '00008806', 20, 'N', 'SMC-KQ2L10-02AS', 'Raccordo a 90-innesto istantaneo bianco-tubo Øe10-filetto maschio G1/4 con teflon-ottone', NULL),
('E1-56', '00017258', 100, 'N', 'NORM-VTE-M6X25', 'VITE-TE-M6x25-DIN933-ISO4017-UNI5739-ZB-Acciaio8.8', NULL),
('E1-560', '00006981', 20, 'N', 'SMC-KQ2L10-03AS', 'Raccordo a 90-innesto istantaneo bianco-tubo Øe10-filetto maschio G3/8 con teflon-ottone', NULL),
('E1-561', '00018160', 30, 'N', 'SMC-KQ2L10-04AS', 'Raccordo a 90-innesto istantaneo bianco-tubo Øe10-filetto maschio G1/2 con teflon-ottone', NULL),
('E1-562', '00009376', 10, 'N', 'SMC-KQ2C10-00A', 'Tappo per tubo-innesto istantaneo bianco-tubo Øe10-PBT', NULL),
('E1-563', '00008509', 10, 'N', 'SMC-KQ2P-10', 'Tappo per raccordo-codolo innesto rapido Ø12-lung 43-PBT bianco', NULL),
('E1-564', '00009002', 20, 'N', 'SMC-KQ2L10-00A', 'Raccordo a 90-intermedio-innesto istantaneo bianco-tubo Øe10-tubo Øe10-PBT', NULL),
('E1-565', '00008830', 20, 'N', 'SMC-KQ2T10-00A', 'Raccordo a T-innesto istantaneo bianco-tubo Øe10-tubo Øe10-tubo Øe10-PBT', NULL),
('E1-566', '00008993', 10, 'N', 'SMC-KQ2U10-00A', 'Raccordo a Y-innesto istantaneo bianco-tubo Øe10-tubo Øe10-tubo Øe10-PBT', NULL),
('E1-567', '00009384', 20, 'N', 'SMC-KQ2H10-00A', 'Raccordo diritto-intermedio-innesto istantaneo bianco-tubo Øe10-tubo Øe10-PBT', NULL),
('E1-57', '00017257', 100, 'N', 'NORM-VTE-M6X30', 'VITE-TE-M6x30-DIN933-ISO4017-UNI5739-ZB-Acciaio8.8', NULL),
('E1-570', '00009374', 20, 'N', 'SMC-KQ2C12-00A', 'Tappo per tubo-innesto istantaneo bianco-tubo Øe12-PBT', NULL),
('E1-571', '00018237', 20, 'N', 'SMC-KQ2P-12', 'Tappo per raccordo-codolo innesto rapido Ø12-lung 45.5-PBT bianco', NULL),
('E1-572', '00009243', 15, 'N', 'SMC-KQ2L12-00A', 'Raccordo a 90-intermedio-innesto istantaneo bianco-tubo Øe12-tubo Øe12-PBT', NULL),
('E1-573', '00009241', 15, 'N', 'SMC-KQ2T12-00A', 'Raccordo a T-innesto istantaneo bianco-tubo Øe12-tubo Øe12-tubo Øe12-PBT', NULL),
('E1-574', '00009239', 10, 'N', 'SMC-KQ2U12-00A', 'Raccordo a Y-innesto istantaneo bianco-tubo Øe12-tubo Øe12-tubo Øe12-PBT', NULL),
('E1-575', '00013259', 20, 'N', 'SMC-KQ2H12-00A', 'Raccordo diritto-intermedio-innesto istantaneo bianco-tubo Øe12-tubo Øe12-PBT', NULL),
('E1-578', '00018335', 10, 'N', 'SMC-KQ2H12-02AS', 'Raccordo diritto-innesto istantaneo-tubo Øe12-filetto maschio R1/4 con teflon-ottone', NULL),
('E1-579', '00009238', 10, 'N', 'SMC-KQ2H12-03AS', 'Raccordo diritto-innesto istantaneo-tubo Øe12-filetto maschio R3/8 con teflon-ottone', NULL),
('E1-58', '00050006', 100, 'N', 'NORM-VTE-M6X40', 'VITE-TE-M6x40-DIN933-ISO4017-UNI5739-ZB-Acciaio8.8', NULL),
('E1-580', '00009357', 15, 'N', 'SMC-KQ2H12-04AS', 'Raccordo diritto-innesto istantaneo-tubo Øe12-filetto maschio R1/2 con teflon-ottone', NULL),
('E1-581', '00008812', 10, 'N', 'SMC-KQ2L12-02AS', 'Raccordo a 90-innesto istantaneo bianco-tubo Øe12-filetto maschio G1/4 con teflon-ottone', NULL),
('E1-582', '00008815', 10, 'N', 'SMC-KQ2L12-03AS', 'Raccordo a 90-innesto istantaneo bianco-tubo Øe12-filetto maschio G3/8 con teflon-ottone', NULL),
('E1-583', '00009355', 20, 'N', 'SMC-KQ2L12-04AS', 'Raccordo a 90-innesto istantaneo bianco-tubo Øe12-filetto maschio R1/2 con teflon-ottone', NULL),
('E1-585', '00012506', 10, 'N', 'SMC-KQ2W08-01AS', 'Raccordo a 90-prolungato-innesto istantaneo bianco-tubo Øe8-filetto maschio G1/8 con teflon-ottone', NULL),
('E1-587', '00007942', 10, 'N', 'SMC-KQ2H08-03AS', 'Raccordo diritto-innesto istantaneo-tubo Øe8-filetto maschio R3/8 con teflon-ottone', NULL),
('E1-588', '00008988', 20, 'N', 'SMC-KQ2H08-02AS', 'Raccordo diritto-innesto istantaneo-tubo Øe8-filetto maschio R1/4 con teflon-ottone', NULL),
('E1-589', '00009000', 20, 'N', 'SMC-KQ2U08-00A', 'Raccordo a Y-innesto istantaneo bianco-tubo Øe8-tubo Øe8-tubo Øe8-PBT', NULL),
('E1-590', '00008999', 20, 'N', 'SMC-KQ2T08-00A', 'Raccordo a T-innesto istantaneo bianco-tubo Øe8-tubo Øe8-tubo Øe8-PBT', NULL),
('E1-591', '00008998', 20, 'N', 'SMC-KQ2L08-00A', 'Raccordo a 90-intermedio-innesto istantaneo bianco-tubo Øe8-tubo Øe8-PBT', NULL),
('E1-592', '00018710', 10, 'N', 'SMC-KQ2VT08-01AS', 'Raccordo a 90-gomito orientabile-innesto istantaneo bianco-3 uscite tubo Øe8-filetto maschio G1/8 con teflon-ottone', NULL),
('E1-593', '00007869', 10, 'N', 'SMC-KQ2VT08-03AS', 'Raccordo a 90-gomito orientabile-innesto istantaneo bianco-3 uscite tubo Øe8-filetto maschio G3/8 con teflon-ottone', NULL),
('E1-595', '00006846', 20, 'N', 'SMC-KQ2P-08', 'Tappo per raccordo-codolo innesto rapido Ø8-lung 39-PBT bianco', NULL),
('E1-596', '00009386', 15, 'N', 'SMC-KQ2H08-00A', 'Raccordo diritto-intermedio-innesto istantaneo bianco-tubo Øe8-tubo Øe8-PBT', NULL),
('E1-597', '00052183', 15, 'N', 'SMC-KQ2L08-99A', 'Raccordo a 90-innesto istantaneo bianco-tubo Øe8-raccordo applicabile Ø8-PBT', NULL),
('E1-599', '00009388', 10, 'N', 'SMC-KQ2LE08-00A', 'Raccordo a 90-passaparete-innesto istantaneo bianco-tubo Øe8-tubo Ø8-filetto maschio M16-ottone', NULL),
('E1-6', '00022024', 25, 'N', 'NORM-VTE-M8X40-TI', 'VITE-TE-M8x40-DIN931-ISO4014-Titanio', NULL),
('E1-600', '00007024', 30, 'N', 'SMC-KQ2L08-01AS', 'Raccordo a 90-innesto istantaneo bianco-tubo Øe8-filetto maschio G1/8 con teflon-ottone', NULL),
('E1-601', '00006978', 30, 'N', 'SMC-KQ2L08-02AS', 'Raccordo a 90-innesto istantaneo bianco-tubo Øe8-filetto maschio G1/4 con teflon-ottone', NULL),
('E1-602', '00009042', 20, 'N', 'SMC-KQ2L08-03AS', 'Raccordo a 90-innesto istantaneo bianco-tubo Øe8-filetto maschio G3/8 con teflon-ottone', NULL),
('E1-603', '00008912', 10, 'N', 'SMC-KQ2ZD08-02AS', 'Raccordo a 90-gomito orientabile-innesto istantaneo bianco-4 uscite tubo Øe8-filetto maschio G1/4 con teflon-ottone', NULL),
('E1-604', '00007053', 10, 'N', 'SMC-KQ2ZD08-03AS', 'Raccordo a 90-gomito orientabile-innesto istantaneo bianco-4 uscite tubo Øe8-filetto maschio G3/8 con teflon-ottone', NULL),
('E1-605', '00008734', 20, 'N', 'SMC-KQ2C08-00A', 'Tappo per tubo-innesto istantaneo bianco-tubo Ø8-PBT', NULL),
('E1-606', '00018169', 20, 'N', 'AIGNEP-1030-6/4-1/8', '01030 00 001 Raccordo diritto-calzamento con ghiera tubo 6/4-filetto femmina G1/8-ottone nichelato', NULL),
('E1-607', '00040917', 10, 'N', 'AIGNEP-1030-8/6-1/4', '01030 00 005 Raccordo diritto-calzamento con ghiera tubo 8/6-filetto femmina G1/4-ottone nichelato', NULL),
('E1-608', '00007961', 10, 'N', 'AIGNEP-1115-8/6-1/8', '01115 00 003 Raccordo a 90-calzamento orientabile con ghiera tubo 8/6-filetto maschio G1/8-ottone nichelato', NULL),
('E1-609', '00012234', 10, 'N', 'AIGNEP-1115-8/6-1/4', '01115 00 004 Raccordo a 90-calzamento orientabile con ghiera tubo 8/6-filetto maschio G1/4-ottone nichelato', NULL),
('E1-61', '00038070', 200, 'N', 'NORM-VTBEI-M6X10', 'VITE-TBEI-M6x10-ISO7380-ZB-Acciaio8.8', NULL),
('E1-610', '00012231', 30, 'N', 'SMC-KQ2H08-01AS', 'Raccordo diritto-innesto istantaneo-tubo Øe8-filetto maschio R1/8 con teflon-ottone', NULL),
('E1-612', '00018696', 10, 'N', 'SMC-KQ2VD08-02AS', 'Raccordo a 90-gomito orientabile-innesto istantaneo bianco-2 uscite tubo Øe8-filetto maschio G1/4 con teflon-ottone', NULL),
('E1-613', '00018694', 15, 'N', 'SMC-KQ2VD08-01AS', 'Raccordo a 90-gomito orientabile-innesto istantaneo bianco-2 uscite tubo Øe8-filetto maschio G1/8 con teflon-ottone', NULL),
('E1-615', '00041397', 10, 'N', 'CAMOZZI-5450-8/6', 'Raccordo diritto-mini-calzamento con ghiera tubo 8/6-calzamento a resca tubo Ø5-ottone nichelato', NULL),
('E1-616', '00007952', 15, 'N', 'AIGNEP-1020-8/6-1/8', '01020 00 007 Raccordo diritto-calzamento con ghiera tubo 8/6-filetto maschio G1/8-ottone nichelato', NULL),
('E1-617', '00012232', 20, 'N', 'AIGNEP-1020-8/6-1/4', '01020 00 008 Raccordo diritto-calzamento con ghiera tubo 8/6-filetto maschio G1/4-ottone nichelato', NULL),
('E1-62', '00017290', 200, 'N', 'NORM-VTBEI-M6X12', 'VITE-TBEI-M6x12-ISO7380-ZB-Acciaio8.8', NULL),
('E1-620', '00018533', 15, 'N', 'SMC-AS2301F-02-08S', 'Regolatore di flusso universale-innesto istantaneo-tubo Øe8-filetto maschio R1/4 con teflon-regolazione in scarico-dado esagon', NULL),
('E1-621', '00052773', 10, 'N', 'SMC-KQ2LE06-00A', 'Raccordo a 90-passaparete-innesto istantaneo bianco-tubo Øe6-tubo Ø6-filetto maschio M14-ottone', NULL),
('E1-622', '00018049', 10, 'N', 'SMC-KQ2K06-02AS', 'Raccordo a 45-innesto istantaneo bianco-tubo Øe6-filetto maschio G1/4 con teflon-ottone', NULL),
('E1-626', '00018293', 20, 'N', 'FESTO-153321', 'QSM-M7-6-I Raccordo diritto-mini-innesto istantaneo anello rilascio ovale-tubo Øe6-filetto maschio M7-ottone nichelato', NULL),
('E1-627', '00013264', 30, 'N', 'SMC-KQ2S06-M5A', 'Raccordo diritto-innesto istantaneo-tubo Øe6-filetto maschio M5-ottone', NULL),
('E1-629', '00009192', 20, 'N', 'SMC-KQ2L06-99A', 'Raccordo a 90-innesto istantaneo bianco-tubo Øe6-raccordo applicabile Ø6-PBT', NULL),
('E1-63', '00017289', 150, 'N', 'NORM-VTBEI-M6X16', 'VITE-TBEI-M6x16-ISO7380-ZB-Acciaio8.8', NULL),
('E1-632', '00018720', 10, 'N', 'SMC-KQ2ZD06-02AS', 'Raccordo a 90-gomito orientabile-innesto istantaneo bianco-4 uscite tubo Øe6-filetto maschio G1/4 con teflon-ottone', NULL),
('E1-633', '00008927', 10, 'N', 'SMC-KQ2VD06-01AS', 'Raccordo a 90-gomito orientabile-innesto istantaneo bianco-2 uscite tubo Øe6-filetto maschio R1/8 con teflon-ottone', NULL),
('E1-634', '00018692', 10, 'N', 'SMC-KQ2VD06-02AS', 'Raccordo a 90-gomito orientabile-innesto istantaneo bianco-2 uscite tubo Øe6-filetto maschio R1/4 con teflon-ottone', NULL),
('E1-635', '00007955', 10, 'N', 'SMC-KQ2VT06-01AS', 'Raccordo a 90-gomito orientabile-innesto istantaneo bianco-3 uscite tubo Øe6-filetto maschio G1/8 con teflon-ottone', NULL),
('E1-636', '00018708', 10, 'N', 'SMC-KQ2VT06-02AS', 'Raccordo a 90-gomito orientabile-innesto istantaneo bianco-3 uscite tubo Øe6-filetto maschio G1/4 con teflon-ottone', NULL),
('E1-637', '00008695', 60, 'N', 'SMC-M-5ALU-6', 'Raccordo a 90-mini-calzamento orientabile a resca tubo 6/4-filetto maschio M5-ottone', NULL),
('E1-638', '00008753', 70, 'N', 'SMC-M-5AU-6', 'Raccordo diritto a resca per tubo morbido-mini-calzamento tubo 6/4-filetto M5-inox', NULL),
('E1-639', '00006882', 70, 'N', 'SMC-M-5HL-6', 'Raccordo a 90-mini-calzamento orientabile con ghiera tubo 6/4-filetto maschio M5-ottone', NULL),
('E1-64', '00017288', 150, 'N', 'NORM-VTBEI-M6X20', 'VITE-TBEI-M6x20-ISO7380-ZB-Acciaio8.8', NULL),
('E1-640', '00017642', 20, 'N', 'AIGNEP-1115-6/4-1/8', '01115 00 001 Raccordo a 90-calzamento orientabile con ghiera tubo 6/4-filetto maschio G1/8-ottone nichelato', NULL),
('E1-641', '00017651', 20, 'N', 'AIGNEP-1115-6/4-1/4', '01115 00 002 Raccordo a 90-calzamento orientabile con ghiera tubo 6/4-filetto maschio G1/4-ottone nichelato', NULL),
('E1-642', '00042742', 15, 'N', 'AIGNEP-1120-6/4-1/4', '01120 00 003 Raccordo a 90-calzamento con ghiera tubo 6/4-filetto femmina G1/4-ottone nichelato', NULL),
('E1-643', '00041432', 15, 'N', 'AIGNEP-1120-6/4-1/8', '01120 00 002 Raccordo a 90-calzamento con ghiera tubo 6/4-filetto femmina G1/8-ottone nichelato', NULL),
('E1-644', '00040961', 15, 'N', 'AIGNEP-1100-6/4-1/8', '01100 00 003 Raccordo a 90-calzamento con ghiera tubo 6/4-filetto maschio R1/8-ottone nichelato', NULL),
('E1-645', '00023706', 10, 'N', 'AIGNEP-1020-6/4-1/4', '01020 00 004 Raccordo diritto-calzamento con ghiera tubo 6/4-filetto maschio G1/4-ottone nichelato', NULL),
('E1-646', '00006867', 80, 'N', 'SMC-M-5H-6', 'Raccordo diritto-mini-calzamento con ghiera tubo 6/4-filetto M5-inox', NULL),
('E1-647', '00060072', 70, 'N', 'SMC-MS-5H-6', 'Raccordo diritto-mini-flessibile-calzamento con ghiera tubo 6/4-filetto maschio M5-inox', NULL),
('E1-648', '00008012', 50, 'N', 'AIGNEP-1020-6/4-1/8', '01020 00 003 Raccordo diritto-calzamento con ghiera tubo 6/4-filetto maschio G1/8-ottone nichelato', NULL),
('E1-649', '00007629', 50, 'N', 'CAMOZZI-5450-6/4', 'Raccordo diritto-mini-calzamento con ghiera tubo 6/4-calzamento a resca tubo Ø5-ottone nichelato', NULL),
('E1-65', '00038355', 100, 'N', 'NORM-VTBEI-M6X25', 'VITE-TBEI-M6x25-ISO7380-ZB-Acciaio8.8', NULL),
('E1-650', '00008992', 20, 'N', 'SMC-KQ2T06-00A', 'Raccordo a T-innesto istantaneo bianco-tubo Øe6-tubo Øe6-tubo Øe6-PBT', NULL),
('E1-651', '00007030', 20, 'N', 'SMC-KQ2L06-00A', 'Raccordo a 90-intermedio-innesto istantaneo bianco-tubo Øe6-tubo Øe6-PBT', NULL),
('E1-652', '00008989', 20, 'N', 'SMC-KQ2U06-00A', 'Raccordo a Y-intermedio-innesto istantaneo bianco-tubo Øe6-tubo Øe6-tubo Øe6-PBT', NULL),
('E1-653', '00018355', 20, 'N', 'SMC-KQ2H06-00A', 'Raccordo diritto-intermedio-innesto istantaneo bianco-tubo Øe6-tubo Øe6-PBT', NULL),
('E1-654', '00007944', 30, 'N', 'SMC-KQ2H06-01AS', 'Raccordo diritto-innesto istantaneo-tubo Øe6-filetto maschio R1/8 con teflon-ottone', NULL),
('E1-655', '00018356', 30, 'N', 'SMC-KQ2H06-M5A', 'Raccordo diritto-innesto istantaneo-tubo Øe6-filetto maschio M5-ottone', NULL),
('E1-656', '00008936', 20, 'N', 'SMC-KQ2H06-02AS', 'Raccordo diritto-innesto istantaneo-tubo Øe6-filetto maschio R1/4 con teflon-ottone', NULL),
('E1-657', '00009020', 20, 'N', 'SMC-KQ2H06-03AS', 'Raccordo diritto-innesto istantaneo-tubo Øe6-filetto maschio R3/8 con teflon-ottone', NULL),
('E1-658', '00007949', 50, 'N', 'SMC-KQ2P-06', 'Tappo per raccordo-codolo innesto rapido Ø6-lung 35-PBT bianco', NULL),
('E1-659', '00009037', 70, 'N', 'SMC-KQ2C06-00A', 'Tappo per tubo-innesto istantaneo bianco-tubo Øe6-PBT', NULL),
('E1-66', '00048118', 100, 'N', 'NORM-VTBEI-M6X30', 'VITE-TBEI-M6x30-ISO7380-ZB-Acciaio8.8', NULL),
('E1-660', '00008919', 20, 'N', 'SMC-KQ2L06-M5A', 'Raccordo a 90-innesto istantaneo bianco-tubo Øe6-filetto maschio M5-ottone', NULL),
('E1-661', '00006969', 20, 'N', 'SMC-KQ2L06-01AS', 'Raccordo a 90-innesto istantaneo bianco-tubo Øe6-filetto maschio G1/8 con teflon-ottone', NULL),
('E1-662', '00012550', 20, 'N', 'SMC-KQ2L06-02AS', 'Raccordo a 90-innesto istantaneo bianco-tubo Øe6-filetto maschio G1/4 con teflon-ottone', NULL),
('E1-663', '00008967', 15, 'N', 'SMC-KQ2L06-03AS', 'Raccordo a 90-innesto istantaneo bianco-tubo Øe6-filetto maschio G3/8 con teflon-ottone', NULL),
('E1-664', '00018052', 15, 'N', 'SMC-KQ2K06-01AS', 'Raccordo a 45-innesto istantaneo bianco-tubo Øe6-filetto maschio G1/8 con teflon-ottone', NULL),
('E1-666', '00009219', 10, 'N', 'SMC-AS2301F-01-06SA', 'Regolatore di flusso universale-bloccabile-innesto istantaneo-tubo Øe6-filetto maschio R1/8 con teflon-regolazione in scarico', NULL),
('E1-671', '00006927', 10, 'N', 'SMC-AS2052F-06', 'Regolatore di flusso diritto-taglia 205-innesto istantaneo-tubo Øe6-tubo Øe6-dado esagonale', NULL),
('E1-672', '00043488', 10, 'N', 'SMC-AS1301F-M5-06A', 'Regolatore di flusso universale-bloccabile-innesto istantaneo-tubo Øe6-filetto maschio M5-regolazione in scarico', NULL),
('E1-673', '00018460', 15, 'N', 'SMC-AS1201F-M5-06A', 'Regolatore di flusso a 90-bloccabile-innesto istantaneo-tubo Øe6-filetto maschio M5-regolazione in scarico', NULL),
('E1-674', '00008872', 10, 'N', 'SMC-AS2201F-01-06SA', 'Regolatore di flusso a 90-bloccabile-innesto istantaneo-tubo Øe6-filetto maschio R1/8 con teflon-regolazione in scarico', NULL),
('E1-675', '00043490', 10, 'N', 'SMC-AS2201F-02-06S', 'Regolatore di flusso a 90-innesto istantaneo-tubo Øe6-filetto maschio R1/4 con teflon-regolazione in scarico-dado esagonale', NULL),
('E1-676', '00008794', 15, 'N', 'SMC-AS1211F-M5-06A', 'Regolatore di flusso a 90-bloccabile-innesto istantaneo-tubo Øe6-filetto maschio M5-regolazione in alimentazione', NULL),
('E1-677', '00009018', 15, 'N', 'SMC-AS2211F-01-06SA', 'Regolatore di flusso a 90-bloccabile-innesto istantaneo-tubo Øe6-filetto maschio R1/8 con teflon-regolazione in alimentazione', NULL),
('E1-68', '00017314', 400, 'N', 'NORM-VSTEI-M6X6', 'VITE-STEI-M6x6-DIN913-ISO4026-UNI5923-ZB-Acciaio45H', NULL),
('E1-680', '00008932', 20, 'N', 'SMC-KQ2T04-M3G', 'Raccordo a T-centrale-innesto istantaneo bianco-tubo Øe4-tubo Øe4-filetto maschio M3-inox', NULL),
('E1-681', '00007984', 20, 'N', 'SMC-KQ2T04-M5A', 'Raccordo a T-centrale-innesto istantaneo bianco-tubo Øe4-tubo Øe4-filetto maschio M5-ottone', NULL),
('E1-682', '00018704', 10, 'N', 'SMC-KQ2VT04-01AS', 'Raccordo a 90-gomito orientabile-innesto istantaneo bianco-3 uscite tubo Øe4-filetto maschio G1/4 con teflon-ottone', NULL),
('E1-683', '00008914', 10, 'N', 'SMC-KQ2VD04-01AS', 'Raccordo a 90-gomito orientabile-innesto istantaneo bianco-2 uscite tubo Øe4-filetto maschio R1/8 con teflon-ottone', NULL),
('E1-684', '00018684', 20, 'N', 'SMC-KQ2VD04-02AS', 'Raccordo a 90-gomito orientabile-innesto istantaneo bianco-2 uscite tubo Øe4-filetto maschio R1/4 con teflon-ottone', NULL),
('E1-685', '00009257', 60, 'N', 'SMC-KQ2H04-M3G', 'Raccordo diritto-innesto istantaneo-tubo Øe4-filetto maschio M3-inox', NULL),
('E1-687', '00013262', 20, 'N', 'SMC-KQ2L04-01AS', 'Raccordo a 90-innesto istantaneo bianco-tubo Øe4-filetto maschio G1/8 con teflon-ottone', NULL),
('E1-688', '00018166', 20, 'N', 'SMC-KQ2L04-02AS', 'Raccordo a 90-innesto istantaneo bianco-tubo Øe4-filetto maschio G1/4 con teflon-ottone', NULL),
('E1-69', '00017320', 100, 'N', 'NORM-VSTEI-M6X10', 'VITE-STEI-M6x10-DIN913-ISO4026-UNI5923-ZB-Acciaio45H', NULL),
('E1-690', '00030817', 10, 'N', 'SMC-VHK3-04F-04F', 'Valvola intercettazione a selettore-3 vie-innesto istantaneo IN/OUT tubo Øe4-pressione max 1 MPa-manopola blu', NULL),
('E1-691', '00009075', 40, 'N', 'SMC-KQ2S04-M3G', 'Raccordo diritto-innesto istantaneo-tubo Øe4-filetto maschio M3-inox', NULL),
('E1-693', '00009069', 40, 'N', 'SMC-KQ2L04-99A', 'Raccordo a 90-innesto istantaneo bianco-tubo Øe4-raccordo applicabile Ø4-PBT', NULL),
('E1-694', '00018287', 30, 'N', 'FESTO-153319', 'QSM-M7-4-I Raccordo diritto-mini-innesto istantaneo anello rilascio ovale-tubo Øe4-filetto maschio M7-ottone nichelato', NULL),
('E1-695', '00012598', 10, 'N', 'FESTO-153532', 'LR-M5-QS-4 Regolatore di pressione-pression uscita costante-scarico second-press 1/9bar-port 22l/min-innesto ist QS4-fil masc M5', NULL),
('E1-696', '00018100', 0, 'N', 'FESTO-130832', 'QSMLV-M7-4-I Raccordo a 90-mini-orientabile-innesto istantaneo nero anello rilascio ovale-tubo Øe4-filetto maschio M7-inox', NULL),
('E1-697', '00007683', 0, 'N', 'FESTO-186352', 'QSML-M7-4 Raccordo a 90-mini-orientabile-innesto istantaneo nero anello rilascio ovale-tubo Øe4-filetto maschio M7-inox', NULL),
('E1-699', '00052184', 20, 'N', 'SMC-KQ2K04-01AS', 'Raccordo a 45-innesto istantaneo bianco-tubo Øe04-filetto maschio R1/8 con teflon-ottone', NULL),
('E1-7', '00050008', 20, 'N', 'NORM-VTE-M8X50', 'VITE-TE-M8x50-DIN933-ISO4017-UNI5739-ZB-Acciaio8.8', NULL),
('E1-70', '00017319', 150, 'N', 'NORM-VSTEI-M6X12', 'VITE-STEI-M6x12-DIN913-ISO4026-UNI5923-ZB-Acciaio45H', NULL),
('E1-700', '00007814', 60, 'N', 'FESTO-153333', 'QSML-M5-4 Raccordo a 90-mini-orientabile-innesto istantaneo nero anello rilascio ovale-tubo Øe4-filetto maschio M5-inox', NULL),
('E1-701', '00041799', 20, 'N', 'FESTO-530038', 'HGL-M5-QS-4 Valvola unidirezionale sbloccabile-racc ad inn QS 4-filet femm M5-servopilotaggio racc ad inn QS 4-anello tenuta OL', NULL),
('E1-702', '00012639', 15, 'N', 'FESTO-526100', 'VN-05-H-T2-PQ1-VQ1-RQ1 Generatore di vuoto a T-attacco pne/vuoto QS4/QS4-QS4-pressione 1/8 bar-portata 6.2 l/min-ugello 0.45', NULL),
('E1-703', '00007622', 15, 'N', 'CAMOZZI-5055-6/4', 'Raccordo diritto-mini-passaparete-calzamento con ghiera tubo 6/4-innesto istantaneo-tubo 6/4-ottone nichelato', NULL),
('E1-704', '00015213', 15, 'N', 'CAMOZZI-5054-6/4', 'Raccordo diritto-mini-calzamento con ghiera tubo 6/4-innesto istantaneo-tubo 6/4-ottone nichelato', NULL),
('E1-705', '00007261', 30, 'N', 'SMC-KQ2L04-00A', 'Raccordo a 90-intermedio-innesto istantaneo bianco-tubo Øe4-tubo Øe4-PBT', NULL),
('E1-706', '00007158', 20, 'N', 'SMC-KQ2U04-00A', 'Raccordo a Y-innesto istantaneo bianco-tubo Øe4-tubo Øe4-tubo Øe4-PBT', NULL),
('E1-707', '00018623', 20, 'N', 'SMC-KQ2T04-00A', 'Raccordo a T-innesto istantaneo bianco-tubo Øe4-tubo Øe4-tubo Øe4-PBT', NULL),
('E1-708', '00008996', 40, 'N', 'SMC-KQ2H04-00A', 'Raccordo diritto-intermedio-innesto istantaneo bianco-tubo Øe4-tubo Øe4-PBT', NULL),
('E1-709', '00006982', 30, 'N', 'SMC-KQ2L04-M5A', 'Raccordo a 90-innesto istantaneo bianco-tubo Øe4-filetto maschio M5-ottone', NULL),
('E1-71', '00052258', 150, 'N', 'NORM-VSTEI-M6X14', 'VITE-STEI-M6x14-DIN913-ISO4026-UNI5923-ZB-Acciaio45H', NULL),
('E1-710', '00009027', 40, 'N', 'SMC-KQ2L04-M3G', 'Raccordo a 90-innesto istantaneo bianco-tubo Øe4-filetto maschio M3-inox', NULL),
('E1-711', '00009032', 20, 'N', 'SMC-KQ2C04-00A', 'Tappo per tubo-innesto istantaneo bianco-tubo Øe4-PBT', NULL),
('E1-712', '00006843', 70, 'N', 'SMC-KQ2P-04', 'Tappo per raccordo-codolo innesto rapido Ø4-lung 32-PBT bianco', NULL),
('E1-713', '00008504', 90, 'N', 'SMC-M-5AU-4', 'Raccordo diritto a resca per tubo morbido-mini-calzamento tubo 4/2.5-filetto M5-inox', NULL),
('E1-714', '00008513', 100, 'N', 'SMC-M-3ALU-4', 'Raccordo a 90-mini-calzamento orientabile a resca tubo 4/2.5-filetto maschio M3-ottone', NULL),
('E1-715', '00008498', 70, 'N', 'SMC-M-3AU-4', 'Raccordo diritto a resca per tubo morbido-mini-calzamento tubo 4/2.5-filetto M3-inox', NULL),
('E1-717', '00008507', 80, 'N', 'SMC-M-5ALU-4', 'Raccordo a 90-mini-calzamento orientabile a resca tubo 4/2.5-filetto maschio M5-ottone', NULL),
('E1-718', '00006831', 100, 'N', 'SMC-M-5HL-4', 'Raccordo a 90-mini-calzamento orientabile con ghiera tubo 4/2.5-filetto maschio M5-ottone', NULL),
('E1-719', '00006821', 100, 'N', 'SMC-M-5H-4', 'Raccordo diritto-mini-calzamento con ghiera tubo 4/2.5-filetto M5-inox', NULL),
('E1-72', '00017318', 100, 'N', 'NORM-VSTEI-M6X16', 'VITE-STEI-M6x16-DIN913-ISO4026-UNI5923-ZB-Acciaio45H', NULL),
('E1-720', '00012200', 40, 'N', 'SMC-KQ2S04-M5A', 'Raccordo diritto-innesto istantaneo-tubo Øe4-filetto maschio M5-ottone', NULL),
('E1-721', '00013257', 80, 'N', 'SMC-KQ2H04-M5A', 'Raccordo diritto-innesto istantaneo-tubo Øe4-filetto maschio M5-ottone', NULL),
('E1-722', '00007928', 20, 'N', 'SMC-AS1301F-M5-04A', 'Regolatore di flusso universale-bloccabile-innesto istantaneo-tubo Øe4-filetto maschio M5-regolazione in scarico', NULL),
('E1-723', '00018441', 20, 'N', 'SMC-AS1002F-04-J', 'Regolatore di flusso diritto-taglia 100-innesto istantaneo-tubo Øe4-tubo Øe4-dado rotondo', NULL),
('E1-724', '00043487', 20, 'N', 'SMC-AS1211F-M5-04T', 'Regolatore di flusso a 90-antimanomissione-innesto istantaneo-tubo Øe4-filetto maschio M5-regolazione in alimentazione', NULL),
('E1-725', '00018430', 20, 'N', 'SMC-AQ240F-04-00', 'Valvola di scarico rapido-innesto istantaneo-tubo Øe4-tubo Øe4-filetto maschio M5-silenziatore-pressione max 1 MPa', NULL),
('E1-727', '00052188', 50, 'N', 'SMC-KQ2H04-01AS', 'Raccordo diritto-innesto istantaneo-tubo Øe4-filetto maschio R1/8 con teflon-ottone', NULL),
('E1-728', '00009392', 30, 'N', 'SMC-KQ2H04-02AS', 'Raccordo diritto-innesto istantaneo-tubo Øe4-filetto maschio R1/4 con teflon-ottone', NULL),
('E1-729', '00008761', 20, 'N', 'SMC-AS1201F-M3-04-J', 'Regolatore di flusso a 90-innesto istantaneo-tubo Øe4-filetto maschio M3-regolazione in scarico-dado rotondo', NULL),
('E1-73', '00017317', 100, 'N', 'NORM-VSTEI-M6X20', 'VITE-STEI-M6x20-DIN913-ISO4026-UNI5923-ZB-Acciaio45H', NULL),
('E1-730', '00008956', 20, 'N', 'SMC-AS1301F-M3-04-J', 'Regolatore di flusso universale-innesto istantaneo-tubo Øe4-filetto maschio M3-regolazione in scarico-dado rotondo', NULL),
('E1-731', '00007857', 20, 'N', 'SMC-ASD230F-M5-04', 'Regolatore di flusso universale-bidirezionale-innesto istantaneo-tubo Øe4-filetto maschio M5-dado esagonale', NULL),
('E1-732', '00006916', 20, 'N', 'SMC-AS1201F-M5-04A', 'Regolatore di flusso a 90-bloccabile-innesto istantaneo-tubo Øe4-filetto maschio M5-regolazione in scarico', NULL),
('E1-733', '00008797', 20, 'N', 'SMC-AS1211F-M5-04A', 'Regolatore di flusso a 90-bloccabile-innesto istantaneo-tubo Øe4-filetto maschio M5-regolazione in alimentazione', NULL),
('E1-734', '00012249', 20, 'N', 'SMC-AS2201F-01-04S', 'Regolatore di flusso a 90-innesto istantaneo-tubo Øe4-filetto maschio R1/8 con teflon-regolazione in scarico-dado esagonale', NULL),
('E1-735', '00018424', 20, 'N', 'SMC-AS2201F-02-04S', 'Regolatore di flusso a 90-innesto istantaneo-tubo Øe4-filetto maschio R1/4 con teflon-regolazione in scarico-dado esagonale', NULL),
('E1-738', '00008599', 100, 'N', 'SMC-M-3ALU-2', 'Raccordo a 90-mini-calzamento orientabile a resca tubo 2/1.2-filetto maschio M3-ottone', NULL),
('E1-739', '00006966', 100, 'N', 'SMC-M-3AU-2', 'Raccordo diritto a resca-mini-calzamento tubo 2/1.2-filetto maschio M3', NULL),
('E1-74', '00017315', 70, 'N', 'NORM-VSTEI-M6X30', 'VITE-STEI-M6x30-DIN913-ISO4026-UNI5923-ZB-Acciaio45H', NULL),
('E1-740', '00007154', 100, 'N', 'SMC-KQ2S02-M3G', 'Raccordo diritto-innesto istantaneo-tubo Øe2-filetto maschio M3-inox', NULL),
('E1-741', '00018167', 50, 'N', 'SMC-KQ2L02-M5A', 'Raccordo a 90-innesto istantaneo bianco-tubo Øe2-filetto maschio M5-ottone', NULL),
('E1-742', '00009394', 60, 'N', 'SMC-KQ2L02-M3G', 'Raccordo a 90-innesto istantaneo bianco-tubo Øe2-filetto maschio M3-inox', NULL),
('E1-743', '00008897', 20, 'N', 'SMC-AS1002F-02', 'Regolatore di flusso diritto-taglia 100-innesto istantaneo-tubo Øe2-tubo Øe2-dado esagonale', NULL),
('E1-744', '00009253', 100, 'N', 'SMC-KJP-02', 'Tappo per raccordo-codolo innesto rapido Ø2-lungh 17-PBT bianco', NULL),
('E1-745', '00018615', 30, 'N', 'SMC-KQ2T02-00A', 'Raccordo a T-innesto istantaneo bianco-tubo Øe2-tubo Øe2-tubo Øe2-PBT', NULL),
('E1-746', '00012637', 30, 'N', 'SMC-KQ2U02-00A', 'Raccordo a Y-innesto istantaneo bianco-tubo Øe2-tubo Øe2-tubo Øe2-PBT', NULL),
('E1-747', '00008635', 100, 'N', 'SMC-M-5AU-2', 'Raccordo diritto a resca-mini-calzamento tubo 2/1.2-filetto maschio M5-ottone', NULL),
('E1-749', '00052189', 60, 'N', 'SMC-KQ2H02-M3G', 'Raccordo diritto-innesto istantaneo-tubo Øe2-filetto maschio M3-inox', NULL),
('E1-75', '00041873', 70, 'N', 'NORM-VSTEI-M6X35', 'VITE-STEI-M6x35-DIN913-ISO4026-UNI5923-ZB-Acciaio45H', NULL),
('E1-750', '00012630', 40, 'N', 'SMC-AS1201F-M3-02-J', 'Regolatore di flusso a 90-innesto istantaneo-tubo Øe2-filetto maschio M3-regolazione in scarico-dado rotondo', NULL),
('E1-752', '00007027', 30, 'N', 'SMC-AS1201F-M5-02A', 'Regolatore di flusso a 90-bloccabile-innesto istantaneo-tubo Øe2-filetto maschio M5-regolazione in scarico', NULL),
('E1-753', '00018619', 30, 'N', 'SMC-KQ2T02-M3G', 'Raccordo a T-centrale-innesto istantaneo bianco-tubo Øe2-tubo Øe2-filetto maschio M3-inox', NULL),
('E1-754', '00009255', 50, 'N', 'SMC-KQ2H02-00A', 'Raccordo diritto-innesto istantaneo bianco-tubo Øe2-tubo Øe2-PBT', NULL),
('E1-756', '00007234', 120, 'N', 'SMC-M-3AU-3', 'Raccordo diritto a resca per tubo morbido-mini-calzamento tubo 3.18/2.18-filetto M3-inox', NULL),
('E1-757', '00006945', 120, 'N', 'SMC-M-3ALU-3', 'Raccordo a 90-mini-calzamento orientabile a resca tubo 3.18/2.18-filetto maschio M3-ottone', NULL),
('E1-758', '00006912', 20, 'N', 'SMC-M-5ALU-3', 'Raccordo a 90-mini-calzamento orientabile a resca tubo 3.18/2.18-filetto maschio M5-ottone', NULL),
('E1-759', '00008535', 60, 'N', 'SMC-M-5AU-3', 'Raccordo diritto a resca per tubo morbido-mini-calzamento tubo 3.18/1.18-filetto M5-inox', NULL),
('E1-76', '00052259', 40, 'N', 'NORM-VSTEI-M6X16-PC', 'VITE-STEI-M6x16-DIN914-ISO4027-UNI5927-BN29-punta conica-ZB-Acciaio 45H', NULL),
('E1-760', '00009201', 40, 'N', 'SMC-KQ2L23-M3G', 'Raccordo a 90-innesto istantaneo bianco-tubo Øe3.2-filetto maschio M3-inox', NULL),
('E1-761', '00018111', 30, 'N', 'SMC-KQ2L23-M5A', 'Raccordo a 90-innesto istantaneo bianco-tubo Øe3.2-filetto maschio M5-ottone', NULL),
('E1-762', '00008568', 20, 'N', 'SMC-AS1201F-M3-23', 'Regolatore di flusso a 90-innesto istantaneo-tubo Øe3.2-filetto maschio M3-regolazione in scarico-dado esagonale', NULL),
('E1-763', '00006987', 20, 'N', 'SMC-AS1201F-M5-23A', 'Regolatore di flusso a 90-bloccabile-innesto istantaneo-tubo Øe3.2-filetto maschio M5-regolazione in scarico', NULL),
('E1-764', '00008994', 30, 'N', 'SMC-KQ2H23-00A', 'Raccordo diritto-intermedio-innesto istantaneo bianco-tubo Øe3.2-tubo Øe3.2-PBT', NULL),
('E1-765', '00018657', 20, 'N', 'SMC-KQ2T23-00A', 'Raccordo a T-innesto istantaneo bianco-tubo Øe3.2-tubo Øe3.2-tubo Øe3.2-PBT', NULL),
('E1-766', '00018664', 30, 'N', 'SMC-KQ2T23-M5A', 'Raccordo a T-centrale-innesto istantaneo bianco-tubo Øe3.2-tubo Øe3.2-filetto maschio M5-ottone', NULL),
('E1-767', '00008978', 40, 'N', 'SMC-KQ2T23-M3G', 'Raccordo a T-centrale-innesto istantaneo bianco-tubo Øe3.2-tubo Øe3.2-filetto maschio M3-inox', NULL),
('E1-768', '00009212', 20, 'N', 'SMC-KQ2U23-00A', 'Raccordo a Y-innesto istantaneo bianco-tubo Øe3.2-tubo Øe3.2-tubo Øe3.2-PBT', NULL),
('E1-769', '00018369', 60, 'N', 'SMC-KQ2H23-M3G', 'Raccordo diritto-innesto istantaneo-tubo Øe3.2-filetto maschio M3-inox', NULL),
('E1-77', '00052260', 40, 'N', 'NORM-VSTEI-M6X20-PC', 'VITE-STEI-M6x20-DIN914-ISO4027-UNI5927-BN29-punta conica-ZB-Acciaio 45H', NULL),
('E1-770', '00012616', 60, 'N', 'SMC-KQ2S23-M3G', 'Raccordo diritto-innesto istantaneo-tubo Øe3.2-filetto maschio M3-inox', NULL),
('E1-771', '00012604', 30, 'N', 'SMC-KQ2H23-M5A', 'Raccordo diritto-innesto istantaneo-tubo Øe3.2-filetto maschio M5-ottone', NULL),
('E1-772', '00013266', 60, 'N', 'SMC-KQ2S23-M5A', 'Raccordo diritto-innesto istantaneo-tubo Øe3.2-filetto maschio M5-ottone', NULL),
('E1-774', '00007163', 20, 'N', 'SMC-KQ2L23-01AS', 'Raccordo a 90-innesto istantaneo bianco-tubo Øe3.2-filetto maschio G1/8 con teflon-ottone', NULL),
('E1-775', '00007048', 20, 'N', 'SMC-AS1211F-M5-23A', 'Regolatore di flusso a 90-bloccabile-innesto istantaneo-tubo Øe3.2-filetto maschio M5-regolazione in alimentazione', NULL),
('E1-776', '00008865', 20, 'N', 'SMC-AS1002F-23', 'Regolatore di flusso diritto-taglia 100-innesto istantaneo-tubo Øe3.2-tubo Øe3.2-dado esagonale', NULL),
('E1-777', '00008574', 20, 'N', 'SMC-AS1301F-M5-23', 'Regolatore di flusso universale-innesto istantaneo-tubo Øe3.2-filetto maschio M5-regolazione in scarico-dado esagonale', NULL),
('E1-778', '00009025', 30, 'N', 'SMC-KQ2H23-01AS', 'Raccordo diritto-innesto istantaneo-tubo Øe3.2-filetto maschio R1/8 con teflon-ottone', NULL),
('E1-779', '00018127', 40, 'N', 'SMC-KQ2L23-99A', 'Raccordo a 90-innesto istantaneo bianco-tubo Øe3.2-raccordo applicabile Ø3.2-PBT', NULL),
('E1-78', '00052261', 40, 'N', 'NORM-VSTEI-M6X30-PC', 'VITE-STEI-M6x30-DIN914-ISO4027-UNI5927-BN29-punta conica-ZB-Acciaio 45H', NULL),
('E1-780', '00009024', 100, 'N', 'SMC-KQ2P-23', 'Tappo per raccordo-codolo innesto rapido Ø3.2-lung 31.5-PBT bianco', NULL),
('E1-781', '00007249', 30, 'N', 'SMC-KQ2L23-00A', 'Raccordo a 90-intermedio-innesto istantaneo bianco-tubo Øe3.2-tubo Øe3.2-PBT', NULL),
('E1-782', '00009040', 3000, 'N', 'PHOENIX-1418786', 'D-SUB-CUC-DSC-C1BAU-S/DSC24 Contatto a crimpare D Sub-maschio-sezione conduttori 0.2/0.5 mm^2-24/20 AWG-5 A-oro su nickel', NULL),
('E1-783', '00009044', 3000, 'N', 'PHOENIX-1418784', 'D-SUB-CUC-DSC-C1BAU-S/DSC28 Contatto a crimpare D Sub-maschio-sezione conduttori 0.08/0.12 mm^2-28/26 AWG-5 A-oro su nickel', NULL),
('E1-784', '00010028', 3000, 'N', 'TECONNECTIVITY-171638-1', 'Contatto a crimpare-maschio-sezione conduttori 0.5/1.3 mm^2-20/16 AWG-per connettori MATE-N-LOK Mini Universal', NULL),
('E1-785', '00010016', 3000, 'N', 'TECONNECTIVITY-170364-1', 'Contatto a crimpare-maschio-sezione conduttori 0.3/0.89 mm^2-22/18 AWG-per connettori MATE-N-LOK Mini Universal', NULL),
('E1-786', '00010031', 3000, 'N', 'TECONNECTIVITY-170363-1', 'Contatto a crimpare-maschio-sezione conduttori 0.12/0.35 mm^2-26/22 AWG-13 A-per connettori MATE-N-LOK Mini Universal', NULL),
('E1-787', '00009041', 2000, 'N', 'PHOENIX-1418788', 'D-SUB-CUC-DSC-J1BAU-S/DSC24 Contatto a crimpare D Sub-femmina-sezione conduttori 0.2/0.5 mm^2-24/20 AWG-5 A-oro su nickel', NULL),
('E1-788', '00009036', 2000, 'N', 'PHOENIX-1418787', 'D-SUB-CUC-DSC-J1BAU-S/DSC28 Contatto a crimpare D Sub-femmina-sezione conduttori 0.08/0.12 mm^2-28/26 AWG-5 A-oro su nickel', NULL),
('E1-789', '00010022', 3000, 'N', 'TECONNECTIVITY-171639-1', 'Contatto a crimpare-femmina-sezione conduttori 0.5/1.3 mm^2-20/16 AWG-per connettori MATE-N-LOK Mini Universal', NULL),
('E1-79', '00017178', 200, 'N', 'NORM-VTCEI-M6X10', 'VITE-TCEI-M6x10-DIN912-ISO4762-UNI5931-ZB-Acciaio8.8', NULL),
('E1-790', '00010026', 3000, 'N', 'TECONNECTIVITY-170365-1', 'Contatto a crimpare-femmina-sezione conduttori 0.12/0.35 mm^2-26/22 AWG-per connettori MATE-N-LOK Mini Universal', NULL),
('E1-791', '00010024', 3000, 'N', 'TECONNECTIVITY-170366-1', 'Contatto a crimpare-femmina-sezione conduttori 0.3/0.89 mm^2-22/18 AWG-per connettori MATE-N-LOK Mini Universal', NULL),
('E1-792', '00008623', 3000, 'N', 'PHOENIX-1663381', 'CK1.6-ED-2.5ST AG Contatto a crimpare-maschio-Ø1.6-sezione conduttori 2.5 mm^2-14 AWG', NULL),
('E1-793', '00008618', 3000, 'N', 'PHOENIX-1663378', 'CK1.6-ED-1.50ST AG Contatto a crimpare-maschio-Ø1.6-sezione conduttori 1.5 mm^2-16 AWG', NULL),
('E1-794', '00008615', 3000, 'N', 'PHOENIX-1663365', 'CK1.6-ED-1.00ST AG Contatto a crimpare-maschio-Ø1.6-sezione conduttori 0.75/1 mm^2-18 AWG', NULL),
('E1-795', '00008611', 3000, 'N', 'PHOENIX-1663349', 'CK1.6-ED-0.50ST AG Contatto a crimpare-maschio-Ø1.6-sezione conduttori 0.5 mm^2-20 AWG', NULL),
('E1-796', '00008627', 3000, 'N', 'PHOENIX-1663446', 'CK1.6-ED-2.50BU AG Contatto a crimpare-femmina-Ø1.6-sezione conduttori 2.5 mm^2-14 AWG', NULL),
('E1-797', '00008628', 3000, 'N', 'PHOENIX-1663433', 'CK1.6-ED-1.50BU AG Contatto a crimpare-femmina-Ø1.6-sezione conduttori 1.5 mm^2-16 AWG', NULL),
('E1-798', '00008625', 3000, 'N', 'PHOENIX-1663420', 'CK1.6-ED-1.00BU AG Contatto a crimpare-femmina-Ø1.6-sezione conduttori 0.75/1 mm^2-18 AWG', NULL),
('E1-799', '00008620', 3000, 'N', 'PHOENIX-1663404', 'CK1.6-ED-0.50BU AG Contatto a crimpare-femmina-Ø1.6-sezione conduttori 0.5 mm^2-20 AWG', NULL),
('E1-8', '00040138', 15, 'N', 'NORM-VTE-M8X60', 'VITE-TE-M8x60-DIN933-ISO4017-UNI5739-ZB-Acciaio8.8', NULL),
('E1-80', '00017179', 150, 'N', 'NORM-VTCEI-M6X12', 'VITE-TCEI-M6x12-DIN912-ISO4762-UNI5931-ZB-Acciaio8.8', NULL),
('E1-800', '00008588', 3000, 'N', 'PHOENIX-1663611', 'CK 2.5-ED-2.50ST AG Contatto a crimpare-maschio-Ø2.5-sezione conduttori 2.5 mm^2-14 AWG', NULL),
('E1-801', '00008583', 3000, 'N', 'PHOENIX-1663608', 'CK 2.5-ED-1.50ST AG Contatto a crimpare-maschio-Ø2.5-sezione conduttori 1.5 mm^2-16 AWG', NULL),
('E1-802', '00008831', 3000, 'N', 'PHOENIX-1663598', 'CK2.5-ED-1.00ST AG Contatto a crimpare-maschio-Ø2.5-sezione conduttori 0.75/1 mm^2-18 AWG', NULL),
('E1-803', '00008579', 3000, 'N', 'PHOENIX-1663572', 'CK 2.5-ED-0.50ST AG Contatto a crimpare-maschio-Ø2.5-sezione conduttori 5 mm^2-20 AWG', NULL),
('E1-804', '00008576', 3000, 'N', 'PHOENIX-1663682', 'CK 2.5-ED-2.50BU AG Contatto a crimpare-femmina-Ø2.5-sezione conduttori 2.5 mm^2-14 AWG', NULL),
('E1-805', '00008566', 3000, 'N', 'PHOENIX-1663679', 'CK2.5-ED-1.50BU AG Contatto a crimpare-femmina-Ø2.5-sezione conduttori 1.5 mm^2-16 AWG', NULL),
('E1-806', '00008828', 3000, 'N', 'PHOENIX-1663666', 'CK2.5-ED-1.00BU AG Contatto a crimpare-femmina-Ø2.5-sezione conduttori 0.75/1 mm^2-18 AWG', NULL),
('E1-807', '00008570', 3000, 'N', 'PHOENIX-1663640', 'CK 2.5-ED-0.50BU AG Contatto a crimpare-femmina-Ø2.5-sezione conduttori 0.5 mm^2-20 AWG', NULL),
('E1-809', '00010038', 3000, 'N', 'TECONNECTIVITY-1-66099-5', 'Contatto a crimpare-maschio-sezione conduttori 0.8/1.4 mm^2-18/16 AWG-13 A-per connettori CPC/G/M', NULL),
('E1-81', '00017180', 150, 'N', 'NORM-VTCEI-M6X14', 'VITE-TCEI-M6x14-DIN912-ISO4762-UNI5931-ZB-Acciaio8.8', NULL),
('E1-810', '00010014', 3000, 'N', 'TECONNECTIVITY-1-66103-8', 'Contatto a crimpare-maschio-sezione conduttori 0.2/0.6 mm^2-24/20 AWG-13 A-per connettori CPC/G/M', NULL),
('E1-811', '00008590', 3000, 'N', 'PHOENIX-1663637', 'CK 2.5-ED-4.00ST AG Contatto a crimpare-maschio-Ø2.5-sezione conduttori 4 mm^2-12 AWG', NULL),
('E1-812', '00065609', 500, 'N', 'RICHCO-SR-4100W', 'Rivetto a scatto-gambo Ø4x11-testa Ø8x1.8-foro montaggio Ø4.1/Ø4.2 con spessore 7.5/8.5-nylon bianco', NULL),
('E1-813', '00010011', 3000, 'N', 'TECONNECTIVITY-1-66105-9', 'Contatto a crimpare-femmina-sezione conduttori 0.2/0.6 mm^2-24/20 AWG-13 A-per connettori III+', NULL),
('E1-814', '00010041', 3000, 'N', 'TECONNECTIVITY-1-66101-9', 'Contatto a crimpare-femmina-sezione conduttori 0.8/1.4 mm^2-18/16 AWG-13 A-per connettori III+', NULL),
('E1-815', '00008572', 2000, 'N', 'PHOENIX-1663705', 'CK 2.5-ED-4.00BU AG Contatto a crimpare-femmina-Ø2.5-sezione conduttori 4 mm^2-12 AWG', NULL),
('E1-816', '00010068', 200, 'N', 'GEWISS-GW52226', 'Basetta-autoadesiva-fissaggio fascette fino a 4.5 mm-dim 19x3.9x19-incolore', NULL),
('E1-817', '00010070', 200, 'N', 'GEWISS-GW52227', 'Basetta-autoadesiva-fissaggio fascette fino a 5mm-dim 28x4x28-incolore', NULL),
('E1-818', '00037839', 400, 'N', 'AVENTICS-8186040000', 'Fascetta a T per tubi-dim 18x15x9-sedi per tubi plastica Ø4/Ø5-poliossimetilene nero', NULL),
('E1-819', '00037840', 100, 'N', 'AVENTICS-8186060000', 'Fascetta a T per tubi-dim 20x20x9-sedi per tubi plastica Ø6/Ø7-poliossimetilene nero', NULL),
('E1-82', '00017181', 150, 'N', 'NORM-VTCEI-M6X16', 'VITE-TCEI-M6x16-DIN912-ISO4762-UNI5931-ZB-Acciaio8.8', NULL),
('E1-820', '00037841', 300, 'N', 'AVENTICS-8186080000', 'Fascetta a T per tubi-dim 24x25x12-sedi per tubi plastica Ø8/Ø9-poliossimetilene nero', NULL),
('E1-821', '00018168', 70, 'N', 'AVENTICS-8186100000', 'Fascetta a T per tubi-dim 28x31x15-sedi per tubi plastica Ø10/Ø11-poliossimetilene nero', NULL),
('E1-823', '00009877', 300, 'N', 'OBO-BETTERMANN-1009052', 'Collare di fissaggio a una linguetta-medio-tubi o cavi Ø8-foro fissaggio Ø6-Sp 1.5-tipo 1015-acciaio zincato', NULL),
('E1-824', '00009871', 300, 'N', 'OBO-BETTERMANN-1009079', 'Collare di fissaggio a una linguetta-medio-tubi o cavi Ø10-foro fissaggio Ø6-Sp 1.5-tipo 1015-acciaio zincato', NULL),
('E1-825', '00009873', 200, 'N', 'OBO-BETTERMANN-1009109', 'Collare di fissaggio a una linguetta-medio-tubi o cavi Ø12-foro fissaggio Ø6-Sp 1.5-tipo 1015-acciaio zincato', NULL),
('E1-826', '00010074', 80, 'N', 'GEWISS-GW52229', 'GW52229 Basetta autoadesiva-fissaggio fascette fino a 9mm-dim 23x9x16', NULL),
('E1-827', '00010338', 300, 'N', 'RSPRO-543-197', 'Passaparete-cavo Ømax4-foro pannello Ø6.4 Sp max 1.6-PVC nero', NULL),
('E1-828', '00010339', 300, 'N', 'RSPRO-543-204', 'Passaparete-cavo Ømax6.4-foro pannello Ø9.5 Sp max 1.6-PVC nero', NULL),
('E1-829', '00010141', 400, 'N', 'RSPRO-543-210', 'Passaparete-cavo Ømax 9.5-foro pannello Ø12.5 Sp max 1.6-PVC nero', NULL),
('E1-83', '00017182', 100, 'N', 'NORM-VTCEI-M6X18', 'VITE-TCEI-M6x18-DIN912-ISO4762-UNI5931-ZB-Acciaio8.8', NULL),
('E1-830', '00010114', 200, 'N', 'LEGRAND-0-980-93', 'Passaparete-cavo Ømax12-foro pannello Ø17 Sp max 4-PVC nero', NULL),
('E1-831', '00053251', 200, 'N', 'LEGRAND-0-980-95', 'Passaparete-cavo Ømax15-foro pannello Ø22 Sp max 2-PVC nero', NULL),
('E1-833', '00010144', 150, 'N', 'RSPRO-605-661', 'Passaparete-cavo Ømax16-foro pannello Ø20 Sp max 1.5-PVC nero', NULL),
('E1-834', '00021641', 100, 'N', 'RSPRO-605-677', 'Passaparete-cieco-foro pannello Ø25 Sp max 1.5-PVC nero', NULL),
('E1-835', '00009841', 300, 'N', 'OBO-BETTERMANN-2222035', 'Collare di fissaggio-tubi o cavi Ø3.2-foro fissaggio Ø4.2-poliammide grigio chiaro', NULL),
('E1-836', '00009837', 300, 'N', 'OBO-BETTERMANN-2222051', 'Collare di fissaggio-tubi o cavi Ø5.2-foro fissaggio Ø4.2-poliammide grigio chiaro', NULL),
('E1-837', '00009843', 150, 'N', 'OBO-BETTERMANN-2222078', 'Collare di fissaggio-tubi o cavi Ø6.5-foro fissaggio Ø4.2-poliammide grigio chiaro', NULL),
('E1-838', '00009839', 100, 'N', 'OBO-BETTERMANN-2222086', 'Collare di fissaggio-tubi o cavi Ø8-foro fissaggio Ø4.2-poliammide grigio chiaro', NULL),
('E1-839', '00009771', 150, 'N', 'OBO-BETTERMANN-2222094', 'Collare di fissaggio-tubi o cavi Ø9.5-foro fissaggio Ø4.2-poliammide grigio chiaro', NULL),
('E1-84', '00017183', 100, 'N', 'NORM-VTCEI-M6X20', 'VITE-TCEI-M6x20-DIN912-ISO4762-UNI5931-ZB-Acciaio8.8', NULL),
('E1-840', '00009774', 70, 'N', 'OBO-BETTERMANN-2222116', 'Collare di fissaggio-tubi o cavi Ø11-foro fissaggio Ø4.2-poliammide grigio chiaro', NULL),
('E1-841', '00009845', 70, 'N', 'OBO-BETTERMANN-2222124', 'Collare di fissaggio-tubi o cavi Ø12.5-foro fissaggio Ø4.2-poliammide grigio chiaro', NULL),
('E1-842', '00009846', 80, 'N', 'OBO-BETTERMANN-2222140', 'Collare di fissaggio-tubi o cavi Ø14-foro fissaggio Ø4.2-poliammide grigio chiaro', NULL),
('E1-843', '00037842', 80, 'N', 'OBO-BETTERMANN-2222167', 'Collare di fissaggio-tubi o cavi Ø16-foro fissaggio Ø4.2-poliammide grigio chiaro', NULL),
('E1-844', '00009776', 80, 'N', 'OBO-BETTERMANN-2222175', 'Collare di fissaggio-tubi o cavi Ø17.5-foro fissaggio Ø4.2-poliammide grigio chiaro', NULL),
('E1-845', '00012154', 70, 'N', 'REIKU-ME-S1B-07', 'Fissa guaina-Ønom 7-largh 12.5-foro fissaggio Ø4.2-acciaio galvanizzato con profilato in elastomero', NULL),
('E1-846', '00012155', 40, 'N', 'REIKU-ME-S1B-12', 'Fissa guaina-Ønom 12-largh 12.5-foro fissaggio Ø4.2-acciaio galvanizzato con profilato in elastomero', NULL),
('E1-847', '00012156', 20, 'N', 'REIKU-ME-S1B-17', 'Fissa guaina-Ønom 17-largh 15.5-foro fissaggio Ø5.5-acciaio galvanizzato con profilato in elastomero', NULL),
('E1-848', '00037823', 30, 'N', 'REIKU-ME-S1B-23', 'Fissa guaina-Ønom 23-largh 15.5-foro fissaggio Ø5.5-acciaio galvanizzato con profilato in elastomero', NULL),
('E1-849', '00037824', 15, 'N', 'REIKU-ME-S1B-29', 'Fissa guaina-Ønom 29-largh 18-foro fissaggio Ø6.2-acciaio galvanizzato con profilato in elastomero', NULL),
('E1-85', '00017184', 100, 'N', 'NORM-VTCEI-M6X25', 'VITE-TCEI-M6x25-DIN912-ISO4762-UNI5931-ZB-Acciaio8.8', NULL),
('E1-850', '00012245', 60, 'N', 'ESS-EXWHC2-500-19', 'Clip fermacavi-tenuta Ø12.7-larghezza 10-lunghezza 30-Sp 1.6-foro Ø4 per vite di fissaggio-nylon UL94 V0 6/6 RMS19', NULL),
('E1-851', '00065182', 30, 'N', 'ESS-EXWHC2-750-19', 'Clip fermacavi-tenuta Ø18-larghezza 12.7-lunghezza 35-Sp 1.8-foro Ø4 per vite di fissaggio-nylon 6/6 UL94 V 0', NULL),
('E1-852', '00007910', 100, 'N', 'ESS-WS-A-1-01', 'Fascetta-innesto rapido-sede cavi dim 13.2x4.8-Sp 5.6-foro per montaggio Ø4.75-nylon UL94 V2 6/6 RMS01', NULL),
('E1-853', '00007985', 80, 'N', 'ESS-WS-A-2-01', 'Fascetta-innesto rapido-sede cavi dim 18x9.7-Sp 5.6-foro per montaggio Ø4.75-nylon UL94 V2 6/6 RMS01', NULL),
('E1-854', '00008002', 80, 'N', 'ESS-WSBH-1-01', 'Fascetta-innesto rapido-tipo 1-sede cavi dim 11.1x4.8-Sp 5.6-nylon UL94 V2 6/6 RMS01', NULL),
('E1-855', '00007987', 70, 'N', 'ESS-WSBH-2-01', 'Fascetta-innesto rapido-tipo 1-sede cavi dim 11.1x9.7-Sp 5.6-nylon UL94 V2 6/6 RMS01', NULL),
('E1-856', '00012300', 40, 'N', 'MANHATTAN-501187', 'IDSUB 09-P-S Connettore D Sub-rettangolare-diritto-maschio-9 poli-2 file-fori per montaggio-terminali a saldare', NULL),
('E1-857', '00012240', 40, 'N', 'MANHATTAN-501194', 'IDSUB 09-S-S Connettore D Sub x PCB-rettangolare-diritto-femmina-9 poli-2 file-fori per montaggio-terminali a saldare', NULL),
('E1-858', '00013260', 20, 'N', 'INTELLINET-12011', 'IDSUB 15-P-S Connettore D Sub-rettangolare-diritto-maschio-15 poli-2 file-fori per montaggio-terminali a saldare', NULL),
('E1-859', '00012543', 20, 'N', 'INTELLINET-12041', 'IDSUB 15-S-S Connettore D Sub-rettangolare-diritto-femmina-15 poli-2 file-fori per montaggio-terminali a saldare', NULL),
('E1-86', '00017186', 100, 'N', 'NORM-VTCEI-M6X35', 'VITE-TCEI-M6x35-DIN912-ISO4762-UNI5931-ZB-Acciaio8.8', NULL),
('E1-860', '00012287', 20, 'N', 'MANHATTAN-501149', 'IDSUB 25-P-S Connettore D Sub-rettangolare-diritto-maschio-25 poli-2 file-fori per montaggio-terminali a saldare', NULL),
('E1-861', '00012284', 25, 'N', 'MANHATTAN-501156', 'IDSUB 25-S-S Connettore D Sub-rettangolare-diritto-femmina-25 poli-2 file-fori per montaggio-terminali a saldare', NULL),
('E1-862', '00049878', 10, 'N', 'RSPRO-544-3840', 'Connettore D Sub-rettangolare-diritto-maschio-37 poli-2 file-passo 2.77-dim calotta C-5 A-500 Vca-term a sald-mont a pan-acciaio', NULL),
('E1-863', '00054437', 15, 'N', 'RSPRO-544-3878', 'Connettore D Sub-rettangolare-diritto-femmina-37 poli-2 file-passo 2.77-dim calotta C-5 A-500 Vca-term a sald-mont a pan-acciaio', NULL),
('E1-865', '00065199', 25, 'N', 'MANHATTAN-502849', 'IDSUB-HD 15-S-S Connettore D Sub-VGA-rettangolare-diritto-femmina-15 poli-3 file-fori per montaggio-terminali a saldare', NULL),
('E1-866', '00054447', 20, 'N', 'ASSMANN-A-HDS-26-LL/Z', 'Connettore D Sub-rettangolare-alta densità-diritto-maschio-26 poli-3 file-passo 2.41-3 A-250 Vca-montaggio su cavo', NULL),
('E1-867', '00012301', 20, 'N', 'ASSMANN-A-HDF-26-LL/Z', 'Connettore D Sub-rettangolare-alta densità-diritto-femmina-26 contatti-3 file-passo 2.41-3 A-250 Vca-montaggio su cavo', NULL),
('E1-868', '00054475', 20, 'N', 'ASSMANN-A-HDF-44LL/Z', 'Connettore D Sub-rettangolare-alta densità-diritto-femmina-44 poli-3 file-passo 2.41-3 A-250 Vca-montaggio a pannello', NULL),
('E1-869', '00065135', 20, 'N', 'HARTING-09563004701', 'Connettore D Sub-rettangolare-diritto-femmina-44 poli-3 file-fori per montaggio-terminali a saldare', NULL);
INSERT INTO `ubicazioni_articoli` (`COD_UBICAZIONE`, `COD_ARTICOLO`, `QUANTITA_PREVISTA`, `SEGNALAZIONE_ESAURIMENTO`, `DISEGNO`, `DESCRIZIONE`, `NOTE`) VALUES
('E1-87', '00017187', 70, 'N', 'NORM-VTCEI-M6X40', 'VITE-TCEI-M6x40-DIN912-ISO4762-UNI5931-ZB-Acciaio8.8', NULL),
('E1-873', '00011445', 20, 'N', 'MANHATTAN-200448', 'IADAP 735-09 Adattatore mini changer-connettore DB femmina 9 poli/2 file-connettore DB femmina 9 poli/2 file', NULL),
('E1-874', '00051269', 20, 'N', 'MANHATTAN-200370', 'IADAP 734-09 Adattatore mini changer-connettore DB maschio 9 poli/2 file-connettore DB maschio 9 poli/2 file', NULL),
('E1-875', '00054480', 10, 'N', 'MANHATTAN-200455', 'IADAP 735-15 Adattatore mini changer-connettore DB femmina 15 poli/2 file-connettore DB femmina 15 poli/2 file', NULL),
('E1-876', '00054481', 10, 'N', 'MANHATTAN-200387 ', 'IADAP 734-15 Adattatore mini changer-connettore DB maschio 15 poli/2 file-connettore DB maschio 15 poli/2 file', NULL),
('E1-877', '00054477', 10, 'N', 'MANHATTAN-200486', 'IADAP 735-25 Adattatore mini changer-connettore DB femmina 25 poli/2 file-connettore DB femmina 25 poli/2 file', NULL),
('E1-878', '00054478', 10, 'N', 'MANHATTAN-200417', 'IADAP 734-25 Adattatore mini changer-connettore DB maschio 25 poli/2 file-connettore DB maschio 25 poli/2 file', NULL),
('E1-879', '00054479', 10, 'N', 'MANHATTAN-200547', 'IADAP 736-25 Adattatore mini changer-connettore DB maschio 25 poli/2 file-connettore DB femmina 25 poli/2 file', NULL),
('E1-88', '00017188', 70, 'N', 'NORM-VTCEI-M6X45', 'VITE-TCEI-M6x45-DIN912-ISO4762-UNI5931-ZB-Acciaio8.8', NULL),
('E1-880', '00051274', 10, 'N', 'MANHATTAN-200462', 'IADAP 735-15HD Adattatore mini changer VGA-connettore DB femmina 15 poli HD/3 file-connettore DB femmina 15 poli HD/3 file', NULL),
('E1-881', '00051273', 10, 'N', 'MANHATTAN-200394', 'IADAP 734-15HD Adattatore mini changer VGA-connettore DB maschio 15 poli HD/3 file-connettore DB maschio 15 poli HD/3 file', NULL),
('E1-882', '00051275', 10, 'N', 'MANHATTAN-200530', 'IADAP 736-15HD Adattatore mini changer VGA-connettore DB maschio 15 poli HD/3 file-connettore DB femmina 15 poli HD/3 file', NULL),
('E1-884', '00048411', 300, 'N', 'FCT-F1066', 'Distanziatore tra cavo DSub e cavo di presa-ch 4.5-lungh 6.2-foro UNC 4-40-acciaio zincato', NULL),
('E1-885', '00010540', 200, 'N', 'RSPRO-453-892', 'Vite di fermo per connettore D-perno filetto UNC4/40 lungh 13', NULL),
('E1-886', '00010042', 60, 'N', 'ICOTEK-41203', 'KT3 Gommino passacavo-piccolo-dim 21x21-foro per cavi Ø3/Ø4-elastomero grigio', NULL),
('E1-887', '00010032', 60, 'N', 'ICOTEK-41204', 'KT4 Gommino passacavo-piccolo-dim 21x21-foro per cavi Ø4/Ø5-elastomero grigio', NULL),
('E1-888', '00010034', 60, 'N', 'ICOTEK-41205', 'KT5 Gommino passacavo-piccolo-dim 21x21-foro per cavi Ø5/Ø6-elastomero grigio', NULL),
('E1-889', '00010035', 60, 'N', 'ICOTEK-41206', 'KT6 Gommino passacavo-piccolo-dim 21x21-foro per cavi Ø6/Ø7-elastomero grigio', NULL),
('E1-89', '00017189', 70, 'N', 'NORM-VTCEI-M6X50', 'VITE-TCEI-M6x50-DIN912-ISO4762-UNI5931-ZB-Acciaio8.8', NULL),
('E1-890', '00010036', 60, 'N', 'ICOTEK-41207', 'KT7 Gommino passacavo-piccolo-dim 21x21-foro per cavi Ø7/Ø8-elastomero grigio', NULL),
('E1-891', '00010037', 60, 'N', 'ICOTEK-41208', 'KT8 Gommino passacavo-piccolo-dim 21x21-foro per cavi Ø8/Ø9-elastomero grigio', NULL),
('E1-892', '00010040', 80, 'N', 'ICOTEK-41209', 'KT9 Gommino passacavo-piccolo-dim 21x21-foro per cavi Ø9/Ø10-elastomero grigio', NULL),
('E1-893', '00010039', 80, 'N', 'ICOTEK-41210', 'KT10 Gommino passacavo-piccolo-dim 21x21-foro per cavi Ø10/Ø11-elastomero grigio', NULL),
('E1-894', '00010043', 80, 'N', 'ICOTEK-41211', 'KT11 Gommino passacavo-piccolo-dim 21x21-foro per cavi Ø11/Ø12-elastomero grigio', NULL),
('E1-895', '00010045', 70, 'N', 'ICOTEK-41212', 'KT12 Gommino passacavo-piccolo-dim 21x21-foro per cavi Ø12/Ø13-elastomero grigio', NULL),
('E1-896', '00010047', 80, 'N', 'ICOTEK-41213', 'KT13 Gommino passacavo-piccolo-dim 21x21-foro per cavi Ø13/Ø14-elastomero grigio', NULL),
('E1-897', '00010048', 80, 'N', 'ICOTEK-41214', 'KT14 Gommino passacavo-piccolo-dim 21x21-foro per cavi Ø14/Ø15-elastomero grigio', NULL),
('E1-898', '00037843', 80, 'N', 'ICOTEK-41215', 'KT15 Gommino passacavo-piccolo-dim 21x21-foro ovale per cavi Ø15/Ø16-elastomero grigio', NULL),
('E1-899', '00037844', 80, 'N', 'ICOTEK-41216', 'KT16 Gommino passacavo-grande-dim 41.5x42-foro per cavi Ø16/Ø17-elastomero grigio', NULL),
('E1-9', '00050007', 15, 'N', 'NORM-VTE-M8X70', 'VITE-TE-M8x70-DIN933-ISO4017-UNI5739-ZB-Acciaio8.8', NULL),
('E1-90', '00017190', 70, 'N', 'NORM-VTCEI-M6X60', 'VITE-TCEI-M6x60-DIN912-ISO4762-UNI5931-ZB-Acciaio8.8', NULL),
('E1-900', '00010029', 80, 'N', 'ICOTEK-41251', 'BTK Gommino passacavo-dim 21x19x21-cieco-elastomero grigio', NULL),
('E1-901', '00010030', 80, 'N', 'ICOTEK-41200', 'KT 2/5 Gommino passacavo-piccolo-dim 21x21-2 fori Ø5-elastomero grigio', NULL),
('E1-902', '00010056', 20, 'N', 'TECONNECTIVITY-206070-8', 'Serracavo per connettore circolare CPC Ø17-diritto-uscita cavi max Ø11.51 con fissaggio a vite-termoplastica nera', NULL),
('E1-904', '00010033', 20, 'N', 'TECONNECTIVITY-183039-1', 'Connettore circolare-diritto-femmina-14 poli femmina-corpo Ø17-contatti a crimpare-mont su cavo-serie CPC 1-termopl nera', NULL),
('E1-905', '00010051', 20, 'N', 'TECONNECTIVITY-206043-3', 'Connettore circolare-diritto-maschio-14 poli femmina-corpo Ø17-contatti a crimp-mont su cavo-serie CPC serie 1-termopl nera', NULL),
('E1-907', '00010006', 20, 'N', 'TECONNECTIVITY-182641-1', 'Connettore circolare-diritto-maschio-14 poli femmina-corpo Ø17-contatti a crimp-mont a pannello-serie CPC serie 1-termopl nera', NULL),
('E1-908', '00019105', 200, 'N', 'NORM-PIEDINO-15-068', 'Piedino-base appoggio Ø12-gola  Ø5x1.8-altezza 10-neoprene nero', NULL),
('E1-909', '00052262', 80, 'N', 'NORM-VSTEI-M6X35-PC', 'VITE-STEI-M6x35-DIN914-ISO4027-UNI5927-BN29-punta conica-ZB-Acciaio 45H', NULL),
('E1-91', '00049055', 60, 'N', 'NORM-VTCEI-M6X65', 'VITE-TCEI-M6x65-DIN912-ISO4762-UNI5931-ZB-Acciaio8.8', NULL),
('E1-910', '00052261', 60, 'N', 'NORM-VSTEI-M6X30-PC', 'VITE-STEI-M6x30-DIN914-ISO4027-UNI5927-BN29-punta conica-ZB-Acciaio 45H', NULL),
('E1-911', '00052262 ', 70, 'N', 'NORM-VSTEI-M6X35-PC', 'VITE-STEI-M6x35-DIN914-ISO4027-UNI5927-BN29-punta conica-ZB-Acciaio 45H', NULL),
('E1-912', '00021982', 70, 'N', 'NORM-VSTEI-M6X25-PC', 'VITE-STEI-M6x25-DIN914-ISO4027-UNI5927-BN29-punta conica-ZB-Acciaio 45H', NULL),
('E1-913', '00052260', 70, 'N', 'NORM-VSTEI-M6X20-PC', 'VITE-STEI-M6x20-DIN914-ISO4027-UNI5927-BN29-punta conica-ZB-Acciaio 45H', NULL),
('E1-914', '00052259', 70, 'N', 'NORM-VSTEI-M6X16-PC', 'VITE-STEI-M6x16-DIN914-ISO4027-UNI5927-BN29-punta conica-ZB-Acciaio 45H', NULL),
('E1-917', '00011310', 20, 'N', 'ICOTEK-36224', 'SK 4-13.5 Morsetto di schermatura-dim 20x20x31-schermatura Ø4/13.5-acciaio zincato', NULL),
('E1-918', '00052296', 200, 'N', 'NORM-VTCTC-M4X30-OTT', 'VITE-TC taglio cacciavite-M4x30-DIN84A-ISO1207-UNI 6107-Ottone', NULL),
('E1-919', '00063194', 200, 'N', 'NORM-VTCTC-M4X20-OTT', 'VITE-TC taglio cacciavite-M4x20-DIN84A-ISO1207-UNI 6107-Ottone', NULL),
('E1-92', '00049056', 50, 'N', 'NORM-VTCEI-M6X70', 'VITE-TCEI-M6x70-DIN912-ISO4762-UNI5931-ZB-Acciaio8.8', NULL),
('E1-920', '00011818', 100, 'N', 'TECONNECTIVITY-172157-1', 'Corpo connettore-diritto-fem-2 poli-1 fila-passo 4.2-term a crimpare-mont a pannello-serie Mini Universal MATE N LOK-nylon natur', NULL),
('E1-921', '00011817', 100, 'N', 'TECONNECTIVITY-172165-1', 'Corpo connettore-diritto-maschio-2 poli-1 fila-passo 4.2-term a crimpare-mont su cavo-serie Mini Universal MATE N LOK-nylon natu', NULL),
('E1-922', '00009918', 100, 'N', 'TECONNECTIVITY-172158-1', 'Corpo connettore-diritto-fem-3 poli-1 fila-passo 4.2-term a crimpare-mont a pannello-serie Mini Universal MATE N LOK-nylon natur', NULL),
('E1-923', '00009909', 100, 'N', 'TECONNECTIVITY-172166-1', 'Corpo connettore-diritto-maschio-3 poli-1 fila-passo 4.2-term a crimp-mont su cavo-serie Mini Universal MATE N LOK-nylon natur', NULL),
('E1-924', '00019687', 80, 'N', 'TECONNECTIVITY-172159-1', 'Corpo connettore-diritto-fem-4 poli-2 fila-passo 4.14-term a crimpare-mont a pann-serie Mini Universal MATE N LOK-nylon naturale', NULL),
('E1-925', '00019688', 80, 'N', 'TECONNECTIVITY-172167-1', 'Corpo connettore-diritto-maschio-4 poli-2 file-passo 4.14-term a crimp-mont su cavo-serie Mini Universal MATE N LOK-nylon natur', NULL),
('E1-926', '00010054', 80, 'N', 'TECONNECTIVITY-172160-1', 'Corpo connettore-diritto-femmina-6 poli-2 fila-passo 4.2-term a crimpare-mont a pann-serie Mini Universal MATE N LOK-nylon natur', NULL),
('E1-927', '00009920', 80, 'N', 'TECONNECTIVITY-172168-1', 'Corpo connettore-diritto-maschio-6 poli-2 fila-passo 4.2-term a crimp-mont su cavo-serie Mini Universal MATE N LOK-nylon natur', NULL),
('E1-928', '00020481', 80, 'N', 'TECONNECTIVITY-172169-1', 'Corpo connettore-diritto-maschio-9 poli-3 file-passo 4.2-term a crimp-mont su cavo-serie Mini Universal MATE N LOK-nylon natur', NULL),
('E1-929', '00020505', 80, 'N', 'TECONNECTIVITY-172162-1', 'Corpo connettore-diritto-fem-12 poli-3 file-passo 4.2-term a crimpare-mont a pann-serie Mini Universal MATE N LOK-nylon natur', NULL),
('E1-93', '00049057', 40, 'N', 'NORM-VTCEI-M6X90', 'VITE-TCEI-M6x90-DIN912-ISO4762-UNI5931-ZB-Acciaio8.8', NULL),
('E1-930', '00010055', 70, 'N', 'TECONNECTIVITY-172170-1', 'Corpo connettore-diritto-maschio-12 poli-3 fila-passo 4.2-term a crimp-mont su cavo-serie Mini Universal MATE N LOK-nylon natur', NULL),
('E1-931', '00020480', 60, 'N', 'TECONNECTIVITY-172163-1', 'Corpo connettore-diritto-fem-15 poli-3 file-passo 4.2-term a crimpare-mont a pann-serie Mini Universal MATE N LOK-nylon natur', NULL),
('E1-932', '00020482', 60, 'N', 'TECONNECTIVITY-172171-1', 'Corpo connettore-diritto-maschio-15 poli-3 file-passo 4.2-term a crimp-mont su cavo-serie Mini Universal MATE N LOK-nylon natur', NULL),
('E1-933', '00010931', 60, 'N', 'TECONNECTIVITY-172161-1', 'Corpo connettore-diritto-femmina-9 poli-3 fila-passo 4.2-term a crimpare-mont a pann-serie Mini Universal MATE N LOK-nylon natur', NULL),
('E1-934', '00054387', 20, 'N', 'ASSMANN-AGP-37-G-NEW', 'Custodia per connettore D sub-diritto-37 poli-dim 69x51x24-montaggio viti corte-plastica nero', NULL),
('E1-935', '00054386', 20, 'N', 'ASSMANN-AGP-25-G-NEW', 'Custodia per connettore D sub-diritto-25 poli-dim 53.5x41.5x16.4-montaggio viti corte-plastica nero', NULL),
('E1-936', '00054385', 20, 'N', 'ASSMANN-AGP-15-G-NEW', 'Custodia per connettore D sub-diritto-15 poli-dim 39.6x35.8x16.2-montaggio viti corte-plastica nero', NULL),
('E1-937', '00021385', 20, 'N', 'ASSMANN-AGP-09-G-NEW', 'Custodia per connettore D sub-diritto-9 contatti-dim 31x40.4x16-montaggio viti corte-plastica nero', NULL),
('E1-938', '00068593', 20, 'N', 'ASSMANN-AKSUN-37S-T', 'Custodia mobile per connettori D Sub-calotta B-diritta-37 poli-viti lunghe-ingresso cavo alto-policarbonato nero', NULL),
('E1-939', '00068592', 20, 'N', 'ASSMANN-AKSUN-25S-T', 'Custodia mobile per connettori D Sub-calotta B-diritta-25 poli-viti lunghe-ingresso cavo alto-policarbonato nero', NULL),
('E1-94', '00052450', 300, 'N', 'NORM-DADO-M6-RIB', 'Dado-esagonale ribassato-M6-ZB-DIN439B-ISO4035-UNI5589-BN124-Acciaio04', NULL),
('E1-943', '00010345', 20, 'N', 'MH-CONNECTORS-D45PK15-K', 'Guscio per connettore D/sub-ingresso lato alto-angolato 45 gradi-15 poli-schermato-calotta A-ABS laminato in nickel', NULL),
('E1-945', '00010123', 20, 'N', 'MH-CONNECTORS-D45ZK9-K', 'Guscio per connettore D/sub-ingresso lato alto-angolato 45 gradi-9 poli-schermato-calotta E-zinco nichelato', NULL),
('E1-95', '00017387', 300, 'N', 'NORM-DADO-M6-AUT', 'Dado-esagonale-M6-autofrenante-anello-poliammide-DIN985-UNI7474-ZB-Acciaio6', NULL),
('E1-96', '00017383', 200, 'N', 'NORM-DADO-CIECO-M6', 'Dado-esagonale-cieco-M6-ZB-DIN1587-UNI5721-Acciaio6', NULL),
('E1-97', '00017392', 300, 'N', 'NORM-DADO-M6', 'Dado-esagonale-M6-ZB-DIN934-ISO4032-UNI5588-Acciaio8', NULL),
('E1-98', '00052411', 500, 'N', 'SCHNORR-416-300', 'Rondella di sicurezza zigrinata-tipo S-per vite M6-Ø6.4xØ10x0.6-H libera 1.2-acciaio per molle', NULL);


--
-- Indici per le tabelle scaricate
--

--
-- Indici per le tabelle `aree`
--
ALTER TABLE `aree`
  ADD PRIMARY KEY (`COD_AREA`);

--
-- Indici per le tabelle `contenitori_padre`
--
ALTER TABLE `contenitori_padre`
  ADD PRIMARY KEY (`COD_CONTENITORE`),
  ADD KEY `COD_AREA` (`COD_AREA`);

--
-- Indici per le tabelle `elenco_badge`
--
ALTER TABLE `elenco_badge`
  ADD PRIMARY KEY (`RFID_CODE`);

--
-- Indici per le tabelle `operazioni`
--
ALTER TABLE `operazioni`
  ADD PRIMARY KEY (`COD_OPERAZIONE`);

--
-- Indici per le tabelle `storico_operazioni`
--
ALTER TABLE `storico_operazioni`
  ADD PRIMARY KEY (`ID_OPERAZIONE`),
  ADD KEY `storico_op` (`COD_OPERAZIONE`);

--
-- Indici per le tabelle `ubicazioni`
--
ALTER TABLE `ubicazioni`
  ADD PRIMARY KEY (`COD_UBICAZIONE`),
  ADD KEY `ubicazioni` (`COD_CONTENITORE`);

--
-- Indici per le tabelle `ubicazioni_articoli`
--
ALTER TABLE `ubicazioni_articoli`
  ADD PRIMARY KEY (`COD_UBICAZIONE`,`COD_ARTICOLO`);

--
-- AUTO_INCREMENT per le tabelle scaricate
--

--
-- AUTO_INCREMENT per la tabella `storico_operazioni`
--
ALTER TABLE `storico_operazioni`
  MODIFY `ID_OPERAZIONE` int(11) NOT NULL AUTO_INCREMENT, AUTO_INCREMENT=2;

--
-- Limiti per le tabelle scaricate
--

--
-- Limiti per la tabella `contenitori_padre`
--
ALTER TABLE `contenitori_padre`
  ADD CONSTRAINT `contenitori_padre_ibfk_1` FOREIGN KEY (`COD_AREA`) REFERENCES `aree` (`COD_AREA`);

--
-- Limiti per la tabella `storico_operazioni`
--
ALTER TABLE `storico_operazioni`
  ADD CONSTRAINT `storico_op` FOREIGN KEY (`COD_OPERAZIONE`) REFERENCES `operazioni` (`COD_OPERAZIONE`);

--
-- Limiti per la tabella `ubicazioni`
--
ALTER TABLE `ubicazioni`
  ADD CONSTRAINT `ubicazioni` FOREIGN KEY (`COD_CONTENITORE`) REFERENCES `contenitori_padre` (`COD_CONTENITORE`);

--
-- Limiti per la tabella `ubicazioni_articoli`
--
ALTER TABLE `ubicazioni_articoli`
  ADD CONSTRAINT `ubicazioni_articoli_ibfk_1` FOREIGN KEY (`COD_UBICAZIONE`) REFERENCES `ubicazioni` (`COD_UBICAZIONE`);
COMMIT;

/*!40101 SET CHARACTER_SET_CLIENT=@OLD_CHARACTER_SET_CLIENT */;
/*!40101 SET CHARACTER_SET_RESULTS=@OLD_CHARACTER_SET_RESULTS */;
/*!40101 SET COLLATION_CONNECTION=@OLD_COLLATION_CONNECTION */;
